paras,rewards
[ 8  6 15  7  1  0],0.9277942528747521
[11  7 20 15  3  0],0.8743972252190004
[ 0  3 10 12  8  0],0.842607384934923
[ 4  3  5 10  0  1],0.9338913029761714
[0 1 3 1 1 1],0.9463529151957168
[6 9 7 4 8 0],0.9120224218771819
[0 8 1 1 8 1],0.8888961437929455
[ 8  3  0 16  1  1],0.9160944486795846
[ 4  8 17  4  3  1],0.9290607005323864
[ 8  9 12  1  0  1],0.9583021300628168
[ 3  6 16  6  7  0],0.8899067160126565
[ 1  9  2 17  0  0],0.9079646175599594
[ 1  1  9 19  4  1],0.8594027176841863
[ 8  1 13  9  7  1],0.8062602725131597
[5 0 7 0 1 0],0.8764319456670036
[ 0  9  9 16  1  1],0.9056740216740331
[ 4  8 11 17  0  0],0.9036386547494308
[ 1  2  5 20  4  1],0.8588929062381372
[ 3  4 20  3  3  1],0.9308427779254618
[ 2  8  9 10  2  0],0.903385365217904
[ 1  0 19  5  3  0],0.8125950967077273
[ 1  7 15  7  3  1],0.9204120072943247
[ 0  7 15 15  0  1],0.9219446740154678
[3 4 8 2 4 0],0.9402500468049058
[ 1  5  9 14  3  0],0.8769385247300572
[ 6  2 16 13  4  0],0.8764332386202017
[ 3  0  3 10  7  0],0.743169069663284
[7 4 7 1 5 0],0.9440642587395879
[ 5  4  9 11  2  1],0.9125309403700328
[10  8 12  0  8  0],0.931606525379637
[2 7 0 6 5 1],0.9127829369483615
[ 4  1  6 13  2  0],0.8916823286397408
[10  9  2 17  3  1],0.8835492651371202
[ 7  6 19 16  6  0],0.8433743647720937
[ 7  9 17  5  7  1],0.8565984314926162
[10  1 19  0  5  1],0.9013519377230991
[2 0 6 5 6 0],0.7614977156102894
[ 2  2  3 12  8  1],0.7701412370355583
[6 9 0 2 7 0],0.9377042219576552
[ 1  4 14 18  8  1],0.7470272420067048
[ 2  8  7 18  8  0],0.8024260198039055
[ 8  8 16  1  2  1],0.9468633731183651
[ 1  8 17  7  2  1],0.9214322766630223
[ 3  0 12 14  5  1],0.7068432909692908
[8 0 9 9 3 1],0.7714290184209629
[ 3  3  9 18  6  0],0.826843958133141
[6 9 2 5 4 1],0.9272786231393111
[1 1 0 6 1 1],0.9303297340964171
[8 0 5 6 2 0],0.8375318971553996
[ 8  2  0 18  1  1],0.9089738968264722
[ 4  7 10 15  1  1],0.9148189503495628
[ 4  1 16 11  4  1],0.8827855176829451
[11  2 15  8  0  0],0.92855606089913
[ 4  9  1 14  6  1],0.8423663784587792
[0 9 0 0 5 1],0.9682172709585128
[ 0  3 10  2  6  1],0.9125509811446049
[ 9  8 20 16  7  0],0.8306542912082286
[11  4  1 16  7  1],0.7927861486441059
[ 8  0 14 10  0  1],0.8909166417557683
[11  8 14 15  8  0],0.8301444797621793
[ 2  8 14 11  7  0],0.8601587074191723
[5 8 8 7 3 1],0.9257517747075599
[ 0  8 13 19  0  0],0.8982930690468038
[2 2 7 1 2 1],0.9572838001239166
[ 2  6 20 17  8  0],0.8113247701904985
[ 7  9 10 14  5  1],0.8644840237531017
[10  6 13  6  2  0],0.9229565391883771
[2 4 3 7 7 0],0.8888870931205581
[ 2  1 11  0  2  1],0.9377042219576552
[ 5  6 11  6  1  1],0.9422808883933143
[10  2  8  3  6  0],0.9285489496565399
[ 1  2  9 14  4  0],0.8690490536099771
[ 4  6  0 10  8  1],0.7866658253851191
[2 3 9 2 8 0],0.9219401486792742
[9 0 7 4 1 0],0.8716013432232186
[5 4 7 5 6 0],0.9097318259912555
[ 7  5 16 20  1  0],0.8789674268886685
[ 5  9 12 15  2  0],0.8815145446891172
[10  3 12 14  4  1],0.877706797520426
[ 3  6 14 11  0  1],0.9288093504306569
[ 8  3  1 13  8  1],0.7655678029828947
[7 8 5 5 4 1],0.9267675187400637
[ 4  5  4 16  5  1],0.8555794550771169
[10  8 18 17  4  0],0.8555775156473195
[7 2 9 7 4 0],0.9066871798001405
[11  0  4  9  1  0],0.8693068684776976
[7 5 0 6 0 1],0.9450812957252899
[ 7  6  5 13  0  0],0.91431172480991
[11  5 19  6  4  0],0.9033814863583094
[ 4  1  3 10  4  0],0.884056490676773
[ 4  6  1 13  1  0],0.9043959374376149
[ 1  3  7 13  4  0],0.8736367101478207
[ 5  2 12 20  0  0],0.9010941228553786
[11  6  8 15  4  0],0.8639709799240571
[ 6  0  4 10  1  1],0.8563464349142875
[ 2  1 11  0  0  1],0.9455859353585463
[ 2  1 17  7  8  0],0.8670246767875596
[ 5  8 18  5  1  0],0.9252484280275016
[9 5 9 5 3 0],0.9239742226506782
[ 4  3 20 18  8  1],0.7439748380964005
[11  5 17  7  7  0],0.8855826926319252
[ 7  8 11  6  1  1],0.9392284844830101
[ 9  2 17 12  6  0],0.8642268553619803
[6 2 5 2 7 0],0.935160336540202
[10  5 10  3  5  1],0.9206704686386444
[6 3 8 4 5 0],0.9252445491679071
[11  8  3  3  6  1],0.9163535565005032
[ 0  9 15  3  8  0],0.9066807150341495
[ 5  6  1 20  3  0],0.8507475596801337
[ 3  9 11  2  7  0],0.9224518995551206
[ 2  9  9 20  7  0],0.7800460343056685
[ 9  1  0 17  5  1],0.8489706540998512
[ 3  5 19  1  2  1],0.9440642587395879
[9 4 3 9 2 1],0.9224486671721251
[11  8  8 15  8  1],0.762525096221577
[6 9 2 6 0 1],0.9455891677415418
[10  8 10  3  6  0],0.923209828719904
[11  2 10  6  2  1],0.9354155655015262
[2 6 1 3 2 0],0.9438077368250655
[ 7  0 20  4  4  1],0.7348098686462987
[ 7  9 18 18  0  1],0.9140610211847795
[ 0  2  3 20  3  1],0.8667739731624291
[ 4  0 13 13  0  1],0.8883721098617161
[ 7  7 16  6  1  1],0.9374515789027276
[2 6 3 0 7 1],0.9222044283129858
[ 9  8 15 12  2  0],0.8955023588638148
[ 7  4 18 11  1  1],0.9247379701048533
[ 4  3  4 16  7  0],0.8304022946298999
[ 3  2 13 11  5  1],0.8810137839154553
[10  2  7 11  3  1],0.9041471732422819
[ 1  7 17 14  3  1],0.8914309785380112
[11  6  0 11  8  0],0.851002788641458
[ 3  5 18  2  7  1],0.8688138654232249
[ 4  5  4 14  3  1],0.8919414364606596
[10  3 17 13  5  1],0.8667720337326318
[ 8  2  4 18  8  0],0.8044555684391159
[ 8  8 14 12  0  1],0.9295724514082329
[6 9 4 7 8 0],0.879987696257366
[11  2  5 17  6  1],0.8332136920640602
[ 8  1  5 12  4  0],0.8784679590682049
[ 3  6  9 16  6  1],0.8375299577256022
[ 8  0 20 16  2  1],0.8087944607816264
[ 5  3 19  6  5  1],0.9018520520201618
[ 6  7  6 20  0  1],0.913548623832334
[ 1  2 15  4  8  1],0.8271024194774608
[ 3  9 17  9  5  1],0.8853345749131911
[11  1 13 20  7  1],0.7666068201729661
[ 3  8 20 18  1  0],0.887360891165406
[ 2  1 13  1  1  1],0.9417736628536615
[9 6 3 3 1 0],0.9483863426905218
[ 9  2 12 14  4  1],0.8779600870519529
[1 9 4 4 3 1],0.9407566258679595
[5 6 7 7 5 1],0.9013493518167026
[ 0  1  6 19  1  1],0.9018643350755446
[ 6  9  4 20  3  1],0.8721111546692677
[11  1 13  6  6  1],0.8774548009420974
[0 4 2 0 0 0],0.9694863045225435
[ 0  8  5 14  6  1],0.8411005772777439
[3 2 6 6 7 0],0.8947353790266441
[ 0  2 16  0  6  1],0.9117717182520514
[ 9  9  8 15  8  1],0.7617613487674019
[8 4 6 6 4 0],0.9112619068060022
[ 5  7 14 10  4  1],0.8934663454626135
[9 8 7 6 0 0],0.937962683301975
[ 1  6 18 20  2  1],0.8838051405750436
[ 6  1 17  9  5  0],0.8858372751166502
[8 9 4 3 3 0],0.9417749558068598
[10  3  5  1  0  0],0.9593172276187215
[ 5  4 13 15  7  0],0.8418455769105452
[ 3  7 13 11  1  0],0.9122802367449023
[ 3  3 19  2  7  0],0.9069437017146629
[5 5 9 4 0 1],0.950421709615124
[11  1  8  4  5  0],0.9163477382111114
[ 1  9  7 14  2  1],0.9043946444844169
[1 0 9 2 0 0],0.8909192276621647
[ 2  0  9 20  8  1],0.5761352904852091
[ 3  1  3 18  6  1],0.8184640698649847
[ 8  5  3 10  7  1],0.8288896686833289
[7 9 7 8 5 0],0.8916862074993355
[8 4 3 6 1 1],0.9417756022834588
[ 2  8  0 17  4  1],0.8675351347102078
[0 0 1 4 2 1],0.8128587298648399
[ 0  4  0 19  4  0],0.8227777496201303
[10  6 10 15  6  0],0.8517639501892367
[ 7  2 13  6  6  1],0.8919433758904569
[ 2  3 12 20  8  1],0.739649521762471
[ 5  9  1 11  7  1],0.8260860289683578
[11  7 15  8  2  0],0.9148221827325583
[ 3  6 20 17  4  0],0.8553255190689909
[ 5  3 15  8  6  0],0.8863496724690958
[1 2 5 9 3 1],0.9094830617959223
[ 5  1  8 20  0  1],0.9138044992702572
[2 0 9 1 3 1],0.7782962807425482
[ 9  2 11  6  2  1],0.9361793129557013
[ 4  7  6 13  4  1],0.8830465649336612
[ 4  6  5 17  5  1],0.8553268120221892
[ 7  0 10 13  6  0],0.7548792174840373
[ 2  9 12 17  0  0],0.9051564525087947
[ 7  0 11 16  5  1],0.7091254826594289
[11  4 10 14  1  0],0.9038880654213631
[ 7  6 15 17  5  1],0.8558353305150401
[ 6  6  6 11  0  1],0.9305914278237322
[ 2  3 20 12  5  0],0.8743998111253968
[ 5  4 11 15  7  0],0.8393023379696911
[11  5 16 13  0  1],0.9247405560112497
[ 9  6 11  2  1  1],0.9527077801648567
[11  6  6 18  3  0],0.8609205154435502
[ 2  2 20  5  4  0],0.9043985233440115
[ 3  0  8 18  7  0],0.7215599428618122
[11  7 14  6  0  0],0.9344017608988197
[ 5  1 11 19  8  1],0.7142410519880966
[ 4  1 10 13  8  0],0.8395517486416233
[ 9  2 10 19  1  0],0.8860892716949789
[ 9  1 20  8  4  1],0.8970240354827732
[ 0  9 15 19  1  0],0.8804897499842259
[ 0  2  6 20  3  1],0.8647366668080296
[ 5  7 19 12  1  0],0.9066858868469423
[11  3 19 14  3  1],0.8896521335279315
[ 0  9 11  1  1  0],0.9473654268452252
[10  7  7 11  8  1],0.7726825365466151
[ 7  9 13  1  4  1],0.9397434677418521
[ 3  6  5 15  1  1],0.9127900481909517
[10  0 19 10  2  1],0.8067629727166188
[ 7  0 11 13  2  0],0.8321882508825698
[ 4  8  6 19  3  0],0.8525251117370154
[7 4 4 6 2 0],0.9242300980886013
[10  6 17  7  0  0],0.9272825019989057
[ 6  4 10 14  8  1],0.7604890828203756
[ 7  4 20  6  2  1],0.9280430170700853
[ 9  4 13  8  3  0],0.9061812472136859
[ 9  1 18 18  0  1],0.9178797584556553
[ 2  0 18 14  2  1],0.8080255415146584
[ 5  9 13  5  1  1],0.9435525078637413
[ 1  6 15 19  4  1],0.8634695726737962
[ 1  9 18 10  6  1],0.8672766733658882
[1 1 6 4 0 0],0.9331307879049917
[3 0 4 6 3 0],0.8131197771155558
[7 9 6 7 4 1],0.9143130177631082
[6 7 2 6 5 1],0.9084627924272248
[11  0  7 10  2  0],0.8337092810249291
[11  0 11  4  4  0],0.794554003552001
[ 9  4  6 18  0  0],0.9041420014294891
[4 9 5 3 7 0],0.9247334447686597
[1 7 7 7 8 0],0.8815119587827207
[11  4  6 12  3  0],0.8899080089658546
[8 4 0 8 5 1],0.8914303320614122
[ 0  8 12  2  1  1],0.9481304672525985
[ 2  8 12 12  5  0],0.870581073854521
[ 5  5 20  3  1  1],0.9422821813465125
[ 4  8 17 20  8  0],0.7772540311694813
[ 4  9  2 19  2  1],0.8873647700250005
[10  0 15 10  7  1],0.6186408682853062
[1 6 1 0 0 1],0.9788948663551856
[ 5  9 15 20  8  1],0.7381200874243234
[3 2 4 8 2 0],0.9150780581704816
[ 7  1  3 18  1  0],0.8878694096582569
[11  8  3  8  7  0],0.8812586692511939
[10  9  5  0  2  1],0.9669443585348876
[ 4  7 20 17  5  0],0.8456584958920291
[ 7  1  5 10  1  0],0.9176225900645338
[2 3 8 7 6 1],0.8835576693329086
[11  1 20 16  7  0],0.8293846111675989
[ 1  8  9 13  8  0],0.8393023379696911
[3 6 3 9 2 0],0.9110079707978762
[7 2 0 2 1 0],0.9560141200832869
[ 9  6 10 15  1  1],0.9160950951561836
[ 0  1 10 11  4  1],0.8815223024083063
[ 1  6  1 15  2  1],0.8990555235477808
[ 2  3  2 20  7  0],0.7940293231441726
[ 0  9 13  3  8  0],0.9110047384148807
[ 6  0 10  5  0  1],0.8893930257070126
[ 2  2  0 11  1  1],0.9221940846874002
[ 2  4 12 14  4  0],0.8700757877446655
[ 8  3 17  0  0  1],0.9555036621606385
[11  0  0  9  8  1],0.5674859507705483
[11  5 16 16  8  0],0.8232765709639949
[ 2  9 18 15  2  1],0.8998218569083524
[ 6  1 11 16  5  0],0.8537973776840415
[ 1  6 17 20  0  0],0.8970253284359714
[ 2  1 11  9  1  1],0.9257575929969517
[ 5  9 16  5  6  0],0.9021053415516886
[ 4  6 11 11  6  1],0.8596585931221097
[ 6  5 11 16  2  0],0.8771918142615841
[ 2  1 17  3  5  1],0.8975396652182144
[ 7  6 19  3  6  1],0.8901664703101743
[ 7  4  0 14  5  1],0.8639709799240571
[11  1 12  1  6  0],0.9168594890869579
[ 1  5 10 10  7  1],0.8352522913716578
[ 2  7  4 18  3  1],0.8789732451780603
[ 4  1 20 20  5  1],0.8380371832652551
[10  0 10 20  2  1],0.7998905385822406
[ 4  0 17  4  1  0],0.8713428818788989
[ 3  8 17  2  4  1],0.9293185154001069
[ 8  9 18  5  0  1],0.9412664373140087
[10  9 15  5  0  1],0.9417743093302606
[11  8  0 20  2  0],0.8614296804130003
[ 7  0  3 15  4  1],0.7287082932086857
[ 9  2 10  8  2  0],0.915582697803738
[11  9  2 14  4  1],0.8774535079888992
[ 5  5 10 10  3  0],0.8970240354827732
[ 9  4  1 10  6  0],0.8764325921436027
[ 6  1  3 16  0  1],0.9196553710827398
[ 6  7 19  8  6  1],0.87414652159387
[ 7  4 20 16  6  0],0.8433717788656974
[0 4 2 5 5 0],0.908209502895698
[11  7 15  3  3  0],0.9277890810619593
[ 6  4  3 15  2  1],0.9010960622851758
[ 3  9 18 19  0  1],0.9127932805739472
[ 7  6 19  8  5  1],0.8888890325503553
[ 5  2 11 11  2  1],0.9150748257874861
[ 0  9  0 18  7  0],0.8146433931643116
[ 4  5 10  9  4  1],0.8982963014297993
[ 3  5  3 17  0  1],0.9188955024881591
[5 0 3 7 6 0],0.7619952440009558
[ 0  5 11  1  0  0],0.9496527903481561
[ 9  0  6 18  0  0],0.8881214062365856
[10  3  0 17  0  1],0.9188929165817628
[ 7  8 10  3  1  1],0.949150090144697
[ 0  3 15 11  1  1],0.9209244046467704
[ 0  0  1 11  0  1],0.8807475648519465
[ 6  9 14  3  1  0],0.9369449998396737
[11  2 10  3  0  0],0.9458431037496677
[10  9  3  6  1  0],0.9313512964183128
[0 9 7 3 5 1],0.9282924277420175
[ 1  9 12 19  8  1],0.73226986208844
[ 7  4 10  9  4  0],0.8952451904726932
[3 1 7 9 6 0],0.8810060261962661
[0 5 0 3 4 1],0.9427887604095662
[ 4  0 13 16  0  1],0.886853019149154
[5 2 7 7 0 1],0.9397441142184512
[ 7  9 10  0  6  1],0.9272896132414957
[7 4 7 3 0 0],0.9509289351547768
[9 5 5 1 0 0],0.9580462546248936
[ 9  4 18 17  8  1],0.7561799284014237
[ 0  0 16 13  5  1],0.7088721931279021
[4 5 7 3 4 1],0.9399941713669826
[ 1  2  9 10  4  1],0.8891487868478731
[ 3  8  3 18  6  0],0.8314148062794082
[10  0  2 13  6  1],0.6867681238421603
[ 9  1 16 10  0  0],0.9244853270499256
[10  5 19  7  0  1],0.9366878314485523
[ 8  6 10  7  2  1],0.9305849630577412
[ 8  6 18  5  8  0],0.8868472008597622
[ 2  6 13  1  0  0],0.943303097191809
[ 2  9 19 12  7  0],0.8482081995988742
[11  7 20  8  2  1],0.923973576174079
[10  0 13 15  6  1],0.6824434539848301
[ 2  9  7 15  2  1],0.9013461194337071
[4 8 8 4 5 1],0.9247347377218579
[3 5 4 0 5 1],0.9549983760507831
[ 9  2 18  6  3  0],0.9135537956451267
[ 4  2 16 12  3  1],0.8993139848921005
[11  7  2  7  1  0],0.9277903740151576
[6 2 7 7 5 0],0.9005836649327302
[1 8 5 7 1 0],0.9239793944634709
[ 4  5 19  4  6  1],0.8840648948725613
[ 9  6 14 19  3  1],0.8779594405753539
[11  1  1  6  1  1],0.934397235562626
[10  2  4  0  0  1],0.9697421799604666
[ 6  3 19 17  2  0],0.874903804282054
[ 0  6 15 15  0  1],0.9227038961334493
[ 6  5  1 13  7  0],0.8497292297412335
[ 8  7 12  4  0  1],0.9476225952363466
[ 8  9 10  2  0  1],0.9544885646047339
[ 2  7 19  1  5  1],0.923471522447219
[ 8  8 20  6  2  1],0.9282995389846076
[1 7 7 6 3 0],0.9183811657059162
[ 9  3 12 12  0  0],0.9176212971113358
[ 1  2 20 13  0  0],0.9112696645251914
[ 9  7 10 16  0  1],0.9211783406548963
[ 3  1 16 17  5  1],0.8512541387431874
[ 1  1 10 13  0  1],0.9255055964186231
[10  2  4 12  8  1],0.7665841934919977
[ 4  4  9 12  7  1],0.8166949220038913
[ 6  5  5 11  3  1],0.9049076883134615
[10  7  7  3  5  1],0.9298225085567642
[3 6 5 9 1 1],0.9300770910414893
[ 4  1 15 16  5  1],0.8532901521443887
[0 7 8 0 1 1],0.964660227414952
[ 0  4 12  9  0  0],0.9181304620807857
[ 7  3  9 14  1  1],0.9171108391886874
[10  2  6 19  7  0],0.7973311377264091
[ 2  6  3 14  2  0],0.8868556050555505
[ 2  6  5 16  0  1],0.9178791119790563
[ 9  7 15 18  1  1],0.9082114423254952
[1 8 1 5 0 1],0.9483856962139228
[ 0  2 20  7  6  1],0.877706797520426
[6 2 5 0 2 1],0.9664377794718337
[ 1  5 13  0  0  1],0.9572857395537139
[2 5 0 4 1 1],0.9481317602057968
[11  2 12 14  0  0],0.9107546812663494
[ 9  3 19  5  5  1],0.9008408333238517
[ 4  9 19  6  0  1],0.9384673229352314
[6 4 2 3 5 0],0.9349044611022788
[7 0 2 1 5 1],0.7210811622925198
[11  7 12  1  7  1],0.894485968354712
[6 1 4 3 5 0],0.9216881521009455
[ 2  4  7 11  5  1],0.8799909286403615
[ 5  5  4 17  0  0],0.9041426479060881
[ 8  8  0 14  1  1],0.9199106000440639
[5 7 7 7 1 1],0.9364338954404263
[5 8 7 6 0 0],0.932369626357213
[ 8  7 14  3  0  0],0.9397402353588566
[2 5 2 7 1 1],0.933380198576924
[ 2  2  2 16  5  1],0.8614322663193967
[11  1  4 11  8  1],0.7381181479945261
[6 4 6 2 2 0],0.9524564300631271
[ 8  5 10 19  0  1],0.9148241221623556
[ 5  6 17 12  0  0],0.9166016742192373
[5 0 3 2 0 1],0.8924402578045241
[ 2  5  3 10  5  1],0.8812631945873877
[ 8  5 14  3  0  1],0.9476232417129458
[ 5  6 12 18  1  1],0.9099922267653724
[8 1 6 9 0 1],0.9321124579660915
[ 9  4 17  7  1  1],0.9356727338926476
[ 1  0 19 17  2  0],0.8237915542228369
[ 2  2 13  5  8  1],0.8382749573584035
[5 3 5 9 2 1],0.9211796336080945
[8 2 5 9 1 1],0.930584316581142
[ 7  9  1 14  0  0],0.9105007452582234
[ 3  2  1 19  3  1],0.8766852351985304
[ 0  8 20 12  1  0],0.9094856477023188
[9 9 6 6 0 0],0.9346537574771483
[ 3  5  4 17  2  1],0.8970253284359714
[ 3  6  9 19  2  1],0.8878694096582569
[ 5  4 12  4  6  0],0.9137986809808654
[ 9  9 20  1  1  1],0.9468575548289733
[5 1 9 1 0 0],0.9445740701856371
[3 5 5 7 2 1],0.9298192761737687
[ 3  8 17 10  1  1],0.9262622326302081
[ 6  5 15  6  0  1],0.9420301847681838
[5 9 8 6 0 1],0.942285413729508
[1 5 3 3 0 1],0.9565213456229397
[1 2 8 0 0 0],0.9544859786983375
[10  3  9 11  1  1],0.9262641720600054
[ 6  5 13  1  1  1],0.9542333356434097
[ 4  6 15  3  0  0],0.9366897708783497
[10  3 15  5  5  1],0.9089745433030714
[2 2 1 8 2 1],0.9201606571925952
[ 6  7  1 16  1  1],0.9125341727530283
[6 8 3 2 0 1],0.9621150490443007
[ 4  8  0 14  5  1],0.8616836164211262
[ 2  1 20  6  2  0],0.911776243588245
[ 9  6  9 20  1  1],0.9049076883134615
[11  1 11  1  0  1],0.9463464504297259
[5 5 6 1 1 0],0.9580469011014927
[9 7 3 1 1 1],0.9705046344614436
[ 8  2 15  1  0  0],0.943557033199935
[7 2 9 1 0 0],0.9529662415091764
[ 1  0 15 18  7  1],0.6392116243733056
[ 0  4 12  7  0  1],0.9384660299820331
[0 3 8 2 0 1],0.9524519047269335
[ 7  6 12  0  2  1],0.9557621235049583
[ 5  2 11  8  4  0],0.8965155169899222
[1 1 1 1 0 1],0.9509257027717813
[7 7 8 3 0 1],0.9542333356434097
[ 8  9 10 18  1  1],0.9087206072949454
[ 4  9 13 11  0  1],0.9290626399621837
[ 3  4 10  1  4  1],0.9445701913260425
[ 8  8 11  0  0  1],0.9618598200829765
[ 6  7  0 10  0  1],0.9323644545444202
[ 2  5 15  0  0  1],0.9560095947470932
[ 1  0 12  3  0  1],0.8873628305952033
[ 8  4 11  1  7  1],0.899826382244546
[1 6 8 0 0 1],0.9649109310400825
[ 3  6 17  6  0  1],0.9407572723445585
[ 5  9  4 14  0  1],0.9242300980886013
[ 5  0 11  3  1  1],0.8627025928366255
[ 4  0 15  1  0  1],0.8942229816741986
[10  5 11  5  6  0],0.9077003379262478
[ 0  5 12 15  2  1],0.9046492269691419
[1 6 9 1 2 1],0.9577929650933668
[11  2  0  1  2  1],0.968727082404562
[4 9 4 2 0 0],0.955505601590436
[10  2  4  6  2  1],0.933125616092199
[10  5  1 19  0  1],0.9117710717754524
[10  6  3  1  1  1],0.9720308364165957
[7 5 0 5 1 1],0.9450767703890961
[ 2  8 12  9  5  0],0.8853345749131911
[ 7  5 12 16  0  1],0.919657310512537
[6 9 1 8 0 1],0.9374509324261284
[ 0  6 19 14  2  1],0.9031262573969853
[ 6  4 12  1  0  0],0.9496560227311516
[1 3 9 9 0 1],0.934905754055477
[3 6 4 1 5 1],0.9511867500224973
[ 0  7 12  1  1  1],0.9529604232197845
[7 1 7 1 2 0],0.9407611512041532
[ 8  3 20  6  1  1],0.9349102793916706
[3 5 8 1 0 1],0.9621131096145035
[7 7 4 6 0 0],0.9344043468052161
[4 2 1 6 2 1],0.933380845053523
[ 2  3 14  1  2  1],0.949913837598872
[ 5  4 14  6  0  1],0.9420288918149857
[9 0 4 5 1 1],0.8611692796388833
[ 2  2 10  4  2  1],0.9407572723445585
[11  2  5 10  1  1],0.926007650145483
[0 2 1 1 0 1],0.9669456514880856
[2 8 2 0 5 1],0.964658934461754
[ 0  1  0 19  0  0],0.8888858001673599
[ 7  5 13  2  0  1],0.9509269957249795
[4 1 8 6 4 1],0.9112593208996058
[ 3  1 19 10  1  1],0.9242294516120023
[ 5  9 12 10  0  1],0.9328755589436676
[9 4 5 1 2 0],0.9580494870078891
[ 4  9 12 15  0  1],0.9211802800846935
[ 5  3  5 19  5  1],0.8438867621245394
[3 6 0 1 2 1],0.9694908298587371
[3 6 8 2 0 1],0.9567752816310656
[0 4 4 0 5 1],0.9547412076596616
[5 9 0 1 1 1],0.9722847724247217
[ 6  8 13 15  0  1],0.9224525460317197
[6 3 0 2 0 1],0.9644037055004298
[ 9  1 11  1  0  1],0.9471114908370992
[ 7  6 15  1  2  1],0.9483889285969183
[4 6 0 0 2 0],0.9753397622414223
[ 7  3 14 20  1  1],0.9028710284356611
[10  7 12 10  5  1],0.8827893965425397
[ 9  9  4 19  5  1],0.8428729575218328
[ 1  9 18  1  0  0],0.935167447782792
[0 3 3 5 2 1],0.9366865384953542
[ 9  5 20 11  0  0],0.9216887985775446
[5 9 9 6 0 1],0.9435531543403404
[9 8 1 7 2 1],0.9298225085567642
[ 9  6 18 20  2  0],0.8606665794354242
[10  1  0 14  1  1],0.9178732936896643
[7 6 2 0 0 1],0.9758431089214805
[2 1 4 3 5 1],0.9102481022032957
[ 7  3 11 16  1  1],0.9117710717754524
[ 0  5 11  0  0  1],0.9567746351544666
[4 9 0 0 0 0],0.9771147283919075
[9 9 0 0 2 1],0.9773706038298309
[ 0  2 17  6  1  1],0.9379607438721775
[ 3  9  1 19  1  1],0.9051642102279839
[11  2 19  0  0  1],0.9499093122626785
[1 9 5 1 2 1],0.963642543952651
[ 5  0 11  5  1  1],0.8624376667263149
[ 9  2 10 10  1  1],0.9277877881087612
[4 7 8 1 2 1],0.9567752816310656
[6 2 5 0 1 1],0.967201526926009
[10  4  7  1  2  1],0.9610986585351978
[ 8  6 13  5  2  1],0.9369430604098765
[0 7 0 1 2 1],0.9687257894513637
[ 8  6 13  1  2  1],0.9516939755621502
[ 4  9  7 16  2  0],0.8797344067258391
[10  8  3  1  0  1],0.9705046344614436
[4 1 5 1 1 1],0.9478752382912744
[3 5 4 1 0 1],0.9684712069666387
[10  6  8  2  0  1],0.9570305105923897
[10  5  1 11  1  0],0.9130439841990776
[ 7  4 13  2  0  1],0.9516907431791547
[8 3 4 7 5 1],0.9018578703095537
[3 7 6 2 1 0],0.9529623626495818
[8 0 0 0 5 1],0.7261695796040253
[ 3  2 15  0  2  1],0.952455137109929
[0 7 4 3 2 1],0.9534721740956309
[ 1  7 13  6  0  0],0.9298238015099625
[5 4 3 1 0 1],0.9710118600010964
[ 0  3  0 16  1  0],0.8899067160126565
[ 6  5  5 15  0  1],0.9219440275388687
[8 7 8 7 2 1],0.930838252589268
[0 6 5 6 0 1],0.9420308312447829
[ 8  9 14  1  0  0],0.9445714842792406
[11  2 15  0  2  1],0.9494033796762238
[6 9 3 5 1 1],0.9455891677415418
[8 8 0 6 0 1],0.9460963932811945
[9 2 8 0 1 1],0.9626229210605526
[9 7 0 1 0 0],0.9661825505105097
[ 3  8 12  0  0  1],0.9585547731177446
[11  8  3  7  0  1],0.939996757273379
[ 4  8 14  6  0  1],0.9422834742997107
[5 8 4 0 2 1],0.9697428264370658
[ 6  9 12  8  2  0],0.9163490311643095
[1 6 5 0 2 1],0.9682179174351119
[ 6  9 14  1  2  1],0.9524583694929245
[10  4  4  1  1  1],0.9689803719360888
[10  9  4  1  0  0],0.9623676920992285
[ 8  9 17  0  0  1],0.9527051942584603
[1 1 3 5 1 0],0.9326209764589425
[10  2 12  1  2  1],0.9506743526700518
[9 7 1 1 0 1],0.9715210249705466
[ 7  2  8 15  2  1],0.8972805573972955
[8 1 8 2 7 0],0.9130420447692802
[9 4 4 6 0 0],0.9374535183325248
[ 8  8 13  1  1  0],0.9473686592282207
[1 8 3 6 0 1],0.9455891677415418
[7 3 1 0 5 1],0.9664364865186357
[2 3 0 1 1 1],0.9727926444409736
[ 5  9 10  1  1  1],0.9593185205719197
[5 5 5 1 2 0],0.9585567125475418
[2 2 1 1 0 1],0.9677068130358644
[11  8  0  0  2  1],0.9771166678217049
[0 2 0 1 0 1],0.9692297826080211
[ 9  9 12  2  0  1],0.9532156521811086
[9 9 4 0 2 1],0.9689810184126879
[4 9 0 1 0 1],0.9725380619562485
[11  5  4  6  6  0],0.9013448264805091
[6 9 0 0 1 1],0.9781317653776096
[5 3 0 0 0 1],0.9778771828928845
[ 9  2  0 12  0  1],0.9282982460314095
[1 8 4 1 0 0],0.9600809750728967
[11  8  4  1  0  1],0.9689764930764941
[ 1  9  3 14  2  1],0.9003342542607979
[11  2 11  2  6  1],0.9110150820404663
[2 4 0 0 1 1],0.9768620853369798
[8 7 0 5 2 1],0.9399935248903835
[1 9 8 1 2 1],0.9590678169467892
[ 9  9 12  5  0  1],0.9460951003279964
[0 8 5 7 0 1],0.944566958943047
[5 9 0 0 5 0],0.9707618028525651
[ 9  2  0 15  1  0],0.9000725605334828
[ 6  8 17 10  0  1],0.9326216229355416
[8 9 9 7 0 1],0.9412632049310132
[2 3 8 1 2 1],0.9588125879854651
[ 3  9 17  9  0  1],0.9346569898601438
[8 3 0 1 1 1],0.9727926444409736
[10  6  6  0  0  1],0.9689771395530933
[11  9 13  0  0  1],0.9577936115699658
[4 3 9 1 1 1],0.9613545339731211
[ 3  1  8 19  0  1],0.9120288866431728
[10  5  0  0  0  1],0.9801645463958153
[0 3 0 1 5 1],0.9560134736066879
[3 4 1 5 2 1],0.9392343027724019
[2 7 4 5 2 1],0.9415203733221347
[ 0  7 12  0  1  1],0.959065877516992
[5 8 2 0 2 1],0.9750851797566973
[3 8 3 0 0 1],0.9748254254591794
[0 6 4 0 2 1],0.9656759714474559
[ 0  2 12  1  0  0],0.9445747166622362
[ 2  4 12  0  1  1],0.9570292176391916
[ 0  9 13  9  0  1],0.9316078183328351
[11  9  4 19  2  1],0.8899054230594583
[0 5 7 1 1 1],0.9626248604903499
[ 7  7 13  0  1  1],0.9580436687184972
[7 4 4 0 4 1],0.96084601548027
[3 3 3 2 2 1],0.9605888470891486
[5 9 1 1 0 1],0.9715197320173483
[8 5 4 1 1 1],0.9694882439523407
[4 4 3 6 2 1],0.930583670104543
[10  4  0  1  1  0],0.9684718534432378
[ 3  9 12  0  2  0],0.95296365560278
[ 4  9 12  1  2  1],0.9524577230163254
[4 7 8 0 5 1],0.9453345852568167
[10  4 11 17  0  1],0.9201619501457934
[ 3  7 13  3  1  1],0.9488968006131702
[9 6 1 1 2 1],0.9702513449299168
[2 7 0 1 0 1],0.9725367690030504
[10  1  9  0  0  1],0.9499086657860794
[0 9 2 1 0 1],0.9707572775163713
[ 6  4 11  1  0  1],0.9565187597165432
[9 9 4 1 2 1],0.9672008804494099
[7 6 2 1 0 1],0.9705046344614436
[6 9 3 0 2 1],0.9725406478626449
[0 4 3 1 1 0],0.9633886079445251
[ 3  4 18  0  1  1],0.9521999081486048
[11  9  5  2  1  0],0.9557582446453636
[8 6 4 1 0 0],0.9616045911216524
[10  2  8  1  0  1],0.9595731030566448
[2 1 0 0 1 1],0.9488929217535755
[7 9 5 1 0 1],0.9654200960095327
[10  4  2  0  2  1],0.974321432302522
[ 1  7  3 13  0  1],0.9260057107156858
[6 2 0 0 4 1],0.9679633349503869
[6 9 4 2 0 1],0.9636406045228537
[10  8  5  0  1  0],0.9641491230157047
[6 9 3 2 1 1],0.964658934461754
[4 2 1 0 0 1],0.9730465804490995
[6 4 1 1 2 1],0.969489536905539
[ 6  2 20  0  2  1],0.9450793562954926
[8 3 0 0 0 0],0.9758424624448814
[11  8  0  0  1  1],0.9791494488399106
[ 4  4 11  1  2  1],0.953980692588482
[10  8  3  0  0  1],0.9735557454185496
[3 3 3 0 0 1],0.9740649103879997
[ 3  9 12  1  2  1],0.9524564300631271
[2 4 5 5 2 1],0.9405033363364326
[5 2 3 0 2 1],0.968981664889287
[10  5  1  0  5  0],0.969235600897413
[7 3 3 0 2 1],0.9717794863148661
[5 7 8 1 1 0],0.9542333356434097
[ 8  8 15  1  1  1],0.9516900967025557
[9 2 0 6 2 1],0.9346518180473511
[8 9 6 1 2 1],0.9618636989425711
[3 9 6 0 0 0],0.9631295001236063
[ 6  3 18  0  0  1],0.9532150057045095
[1 5 0 1 0 1],0.9725361225264513
[4 3 5 0 0 0],0.9631314395534036
[1 7 1 0 1 1],0.9763542133207279
[10  5  3  1  1  1],0.9707592169461687
[7 5 3 1 0 1],0.9705039879848445
[10  2 20  1  0  1],0.9483837567841255
[6 6 0 0 2 0],0.9763535668441288
[5 9 0 0 2 1],0.9771166678217049
[4 2 0 0 2 1],0.9738135602862701
[6 4 0 1 2 1],0.9710170318138892
[3 8 0 0 0 1],0.9794014454182394
[4 6 0 1 1 0],0.9684724999198369
[ 5  4 15  0  0  1],0.9562654701850164
[4 4 5 5 2 1],0.9389784273344788
[8 9 4 0 0 1],0.9717743145020734
[10  7  1  1  0  1],0.9730472269256987
[1 9 0 6 1 1],0.9412651443608104
[0 4 0 0 1 1],0.976862731813579
[0 8 0 0 2 1],0.9755911123431518
[ 1  5  2 20  1  0],0.8759214877443553
[9 0 0 0 2 1],0.8126112586227049
[3 4 0 4 1 1],0.9516894502259565
[7 2 2 0 1 1],0.9725393549094468
[9 6 0 0 0 1],0.9794014454182394
[2 8 2 1 0 1],0.9717762539318706
[2 2 0 1 0 1],0.9682172709585128
[0 7 0 0 7 1],0.9415274845647248
[3 7 0 1 1 1],0.9725387084328476
[1 8 0 1 2 1],0.9677074595124635
[9 6 0 6 2 1],0.9343978820392251
[2 3 3 0 1 1],0.9745721359276526
[7 5 0 0 0 1],0.9796560279029644
[11  1 16  0  1  1],0.938973901998285
[10  6  0  0  0  1],0.9791468629335143
[ 1  2  2 11  7  0],0.8606723977248161
[7 8 0 0 0 1],0.9788929269253883
[8 9 3 1 0 0],0.9638932475777815
[1 6 0 1 2 1],0.9692336614676156
[5 8 0 0 0 1],0.9786396373938615
[4 9 0 0 0 1],0.9791462164569151
[0 9 1 0 2 1],0.9750806544205035
[7 3 0 0 0 1],0.9791468629335143
[3 2 0 9 0 1],0.9333840774365185
[3 2 0 0 0 1],0.9735544524653514
[5 7 0 0 0 1],0.9794014454182394
[6 8 0 1 2 1],0.9710150923840919
[1 2 0 1 0 1],0.9705026950316463
[5 6 8 0 0 1],0.96491287046988
[0 2 3 0 2 1],0.9672008804494099
[8 1 3 1 0 1],0.9519427397574833
[0 3 0 0 0 1],0.9766036239926602
[11  9  8  7  2  1],0.9290574681493908
[0 8 5 1 1 1],0.967456109410734
[6 5 0 1 0 1],0.9717730215488751
[7 9 4 1 1 1],0.9692336614676156
[10  9  0  0  0  1],0.9796553814263653
[5 4 0 0 1 1],0.9788948663551856
[9 5 3 1 2 1],0.9679639814269859
[11  2  6  1  5  1],0.9453404035462086
[2 6 5 3 1 1],0.9577923186167676
[8 8 0 0 0 0],0.9771147283919075
[ 9  4 13  0  7  0],0.9328762054202666
[11  8  0  1  2  1],0.9694882439523407
[8 9 0 0 0 1],0.9796566743795634
[2 4 8 3 0 1],0.9549951436677876
[0 5 8 1 7 0],0.9333840774365185
[ 9  3 15  1  2  1],0.949913191122273
[7 3 5 5 2 1],0.9384692623650286
[5 2 0 1 0 1],0.9692317220378184
[5 1 0 0 0 1],0.9544859786983375
[0 3 2 1 5 0],0.957031803545588
[8 9 9 0 1 1],0.9633860220381287
[4 8 2 0 1 1],0.9760976914062056
[11  9  3  1  0  1],0.9705033415082454
[1 4 0 0 2 1],0.9758456948278769
[1 4 0 1 4 1],0.9623702780056249
[8 7 0 1 2 1],0.9702513449299168
[7 8 0 0 2 1],0.9773712503064299
[5 7 0 0 2 1],0.9763548597973271
[10  9 12  1  0  1],0.955506248067035
[9 9 3 1 0 1],0.9699948230153944
[6 9 8 0 2 1],0.961863052465972
[5 9 0 4 1 1],0.9499112516924757
[5 6 0 0 1 0],0.9760976914062056
[11  5 12  0  5  0],0.9410137942590809
[0 4 2 1 2 0],0.9664371329952347
[10  9  1  0  2  0],0.976608795805453
[7 9 0 1 0 1],0.9725387084328476
[10  9  1  1  2  1],0.969744119390264
[10  1  0  0  1  1],0.9519408003276861
[8 5 0 1 2 0],0.9669469444412839
[10  7  4  0  0  0],0.9677055200826663
[ 7  8  0 10  4  1],0.8960089379268685
[8 7 8 0 2 1],0.9628787964984759
[11  2 11  0  1  1],0.9593159346655233
[11  9  3  0  0  1],0.9735550989419506
[0 2 0 0 0 1],0.9707566310397723
[11  3  3  0  1  1],0.9738109743798737
[4 2 0 0 2 0],0.9738142067628692
[10  3  0  1  5  1],0.957540322038439
[11  9  3  2  2  1],0.9610986585351978
[6 1 3 0 0 1],0.9516875107961592
[1 6 5 1 2 1],0.9636406045228537
[2 2 0 0 2 1],0.9733043953168201
[7 7 0 1 0 1],0.9715197320173483
[0 9 0 3 0 1],0.9549932042379903
[11  6  3  0  1  1],0.9748267184123776
[10  4  0  0  0  1],0.9799099639110903
[1 9 0 2 0 1],0.9644024125472316
[10  9  8  0  0  1],0.9654175101031364
[9 7 0 1 1 0],0.9682166244819137
[6 6 1 1 0 1],0.9717756074552716
[0 2 8 0 0 1],0.9588112950322669
[1 2 0 0 0 1],0.9735544524653514
[8 3 3 0 2 1],0.9725400013860458
[10  3  7  0  2  1],0.9641497694923038
[6 9 0 0 2 0],0.9763555062739261
[3 6 0 0 1 1],0.9791488023633116
[ 4  9 10 13  0  1],0.9267739835060547
[10  4  4  0  2  1],0.9692343079442147
[4 3 3 0 0 1],0.9748280113655758
[9 6 2 1 0 1],0.9720295434633975
[3 8 3 1 2 1],0.967455462934135
[0 4 0 0 2 1],0.9733018094104237
[1 9 0 0 0 0],0.9776226004081594
[1 4 0 0 2 0],0.9738116208564729
[ 9  7 15  0  4  1],0.9420321241979812
[6 3 4 0 6 1],0.946607497680442
[2 9 0 0 1 1],0.9771134354387094
[8 9 0 3 0 1],0.9570298641157906
[ 8  9 19  0  0  1],0.9527064872116585
[10  9  0  0  1  0],0.9776238933613577
[9 5 0 1 0 1],0.9710118600010964
[8 3 3 0 5 0],0.9605907865189459
[9 6 0 1 5 1],0.9583021300628168
[9 5 0 6 2 0],0.9267720440762574
[5 3 5 0 5 1],0.9519459721404788
[2 3 0 0 0 1],0.9786402838704606
[7 6 4 1 1 1],0.9692336614676156
[6 3 0 0 0 1],0.9786396373938615
[4 8 0 1 5 1],0.957794904523164
[ 5  6 17 20  1  1],0.9036334829366381
[6 6 0 0 0 0],0.9771134354387094
[9 5 4 1 1 1],0.9694882439523407
[6 9 0 0 0 1],0.9799099639110903
[1 9 0 1 2 1],0.9697408870072685
[7 9 8 0 2 1],0.9626255069669489
[3 7 5 0 0 1],0.9705020485550473
[4 8 0 1 0 1],0.9705026950316463
[5 5 0 0 2 1],0.976100277312602
[11  1  0  6  2  1],0.9267707511230592
[6 6 0 1 0 1],0.9720301899399966
[0 6 0 0 0 1],0.9783844084325373
[ 7  9 12  1  1  1],0.956523285052737
[1 6 0 0 0 1],0.9783869943389337
[8 0 8 3 0 1],0.8932040052586993
[1 9 0 7 1 1],0.9321163368256862
[0 8 3 1 0 1],0.9682166244819137
[11  8  0  5  1  1],0.9445701913260425
[ 2  9 17  0  2  1],0.9509308745845741
[1 3 0 0 0 1],0.9783863478623347
[5 9 5 1 2 1],0.9644030590238306
[11  2  0  0  0  1],0.9743162604897293
[0 9 0 0 2 1],0.9750845332800981
[11  9  0  0  2  1],0.9763555062739261
[1 8 0 2 0 1],0.963642543952651
[0 4 0 3 1 1],0.9549906183315939
[0 9 0 0 0 1],0.9771127889621103
[7 4 0 0 1 1],0.9783857013857356
[8 8 0 1 1 1],0.9717781933616679
[8 9 3 0 0 1],0.9750806544205035
[5 9 9 1 0 1],0.9588087091258706
[10  6  3  0  0  1],0.9738077419968783
[6 8 0 0 0 1],0.9783844084325373
[10  5  0  6  0  1],0.9425374103078367
[ 9  4  9 10  0  1],0.9316032929966414
[ 0  3 12  5  0  0],0.9318533501451728
[8 3 0 0 1 1],0.9788948663551856
[4 9 0 0 2 1],0.976608795805453
[8 5 2 0 1 1],0.9750819473737018
[6 2 0 3 0 1],0.9549964366209858
[2 6 0 0 0 1],0.9794020918948384
[4 2 0 1 1 1],0.9710137994308937
[1 7 0 0 0 1],0.9786389909172624
[2 4 0 0 0 1],0.9783844084325373
[ 8  5 11  0  0  1],0.9595705171502484
[8 5 0 0 0 1],0.9796553814263653
[11  9  0  1  2  1],0.9705065738912408
[10  6  2  0  0  1],0.9763516274143316
[0 5 0 0 8 1],0.911776243588245
[6 5 0 1 2 1],0.9699987018749889
[ 3  8 13  0  0  1],0.9577942580465649
[0 6 0 0 2 1],0.9750858262332963
[ 8  6  0 10  0  1],0.9308421314488626
[0 5 0 1 0 1],0.9710144459074928
[11  5  0  0  0  1],0.9796553814263653
[10  8  0  0  0  1],0.9799099639110903
[7 7 0 0 0 0],0.9771127889621103
[7 9 7 9 0 1],0.9341471784140947
[0 4 0 0 0 1],0.9760970449296065
[ 8  4 15  1  0  1],0.9539774602054865
[6 4 0 0 0 1],0.9796560279029644
[6 9 8 0 0 1],0.9654188030563344
[7 9 0 6 0 1],0.9422815348699134
[6 9 0 0 2 1],0.976862731813579
[9 3 3 6 2 1],0.934905754055477
[ 9  9 14  0  0  1],0.9570298641157906
[ 7  4 14  0  0  1],0.9575364431788445
[8 4 0 1 0 1],0.9710125064776955
[11  4  0  7  0  1],0.9402494003283066
[3 4 0 0 0 1],0.9781304724244113
[ 7  5  3 17  0  1],0.9199099535674649
[0 5 0 0 5 1],0.9666891295735633
[8 8 0 0 0 1],0.9791481558867126
[11  3  0  0  2  1],0.9773706038298309
[5 5 0 0 7 1],0.9420360030575757
[9 6 5 1 0 1],0.9664364865186357
[6 5 3 0 0 1],0.9745721359276526
[11  4  0  1  2  1],0.9689803719360888
[1 2 9 0 0 1],0.9608427830972746
[1 2 0 0 2 1],0.9748286578421749
[4 9 2 1 0 1],0.9707598634227678
[10  6  0  1  0  1],0.9707579239929705
[0 9 0 0 0 0],0.9753365298584268
[ 1  5 12  0  0  1],0.9577942580465649
[10  3  0  1  0  1],0.9725367690030504
[0 9 0 1 0 1],0.9702474660703222
[ 0  9 12  1  2  1],0.9511815782097046
[10  7  0  2  0  1],0.9638958334841778
[6 5 0 0 5 1],0.9679633349503869
[10  6  4  0  0  0],0.9664345470888382
[10  3  0  0  0  1],0.9791468629335143
[1 8 0 1 0 1],0.9692317220378184
[10  5  0  6  1  1],0.9410112083526845
[9 9 0 0 0 1],0.9794001524650411
[0 9 0 1 1 1],0.9697428264370658
[11  2 12  5  1  1],0.9425348244014402
[6 7 0 1 0 1],0.9722821865183253
[0 6 0 1 0 1],0.9689777860296924
[4 3 0 0 0 1],0.9796553814263653
[2 0 0 0 1 1],0.8593859092926098
[11  0  0  0  0  0],0.8949873756049728
[9 8 0 0 2 1],0.9771166678217049
[10  5  0  0  2  1],0.9771166678217049
[ 3  9 12  0  5  1],0.9364390672532192
[7 9 0 0 4 1],0.9715229644003438
[ 7  6  1 20  0  1],0.9143188360525001
[9 9 3 1 0 0],0.9636406045228537
[10  5 11  0  0  1],0.9600822680260949
[8 6 0 0 1 1],0.9776245398379568
[6 5 0 0 2 1],0.9776251863145559
[10  9  0  0  0  0],0.9760963984530073
[5 2 0 0 0 1],0.9760951054998092
[1 9 4 1 0 1],0.96771004541886
[6 2 1 0 0 1],0.9745734288808507
[ 3  8  0 19  5  1],0.8403355368703705
[0 5 0 0 0 1],0.9776219539315604
[3 5 0 1 0 1],0.9715210249705466
[8 9 0 1 2 1],0.9689810184126879
[10  1  0  0  2  1],0.9499099587392775
[10  9  0  0  5  1],0.967201526926009
[ 1  9  0 16  0  1],0.9234689365408226
[11  9  0  1  1  1],0.9733018094104237
[1 4 0 0 0 1],0.9773667249702362
[11  4  0  0  0  1],0.9799099639110903
[ 4  2 12  0  0  1],0.9557588911219628
[11  3  0 20  0  1],0.9150767652172833
[6 6 0 0 0 1],0.9791488023633116
[0 4 0 0 5 1],0.9661857828935052
[10  8  0  0  2  1],0.976609442282052
[ 7  4 12  0  0  1],0.9595731030566448
[10  8 16  1  0  1],0.9509269957249795
[8 9 0 0 2 0],0.9763555062739261
[2 3 1 0 1 1],0.9776219539315604
[8 3 0 0 0 1],0.9781311189010105
[7 5 1 2 0 0],0.9567772210608629
[3 6 0 0 0 1],0.9783857013857356
[10  6  0  0  2  1],0.9773712503064299
[5 1 0 0 1 1],0.9529584837899872
[6 2 0 0 0 0],0.9725361225264513
[9 1 0 0 1 1],0.9537228777207614
[3 9 0 0 0 1],0.9783863478623347
[5 6 0 0 0 1],0.9796560279029644
[3 1 0 0 0 1],0.9557563052155663
[2 2 4 0 0 1],0.9699941765387954
[8 9 0 5 0 1],0.9496553762545525
[ 9  4  0 14  0  1],0.9234695830174218
[ 7  6 10  0  0  1],0.9623676920992285
[4 9 1 0 1 1],0.9778778293694836
[5 9 0 0 0 1],0.9799093174344913
[11  9 13  1  0  1],0.9544879181281347
[6 3 0 0 1 1],0.9760970449296065
[11  5  0  6  0  1],0.9433005112854127
[4 9 1 1 0 1],0.9722821865183253
[11  4  3  0  0  1],0.9735557454185496
[8 6 0 0 2 1],0.975846341304476
[10  8  5  0  0  1],0.9699935300621962
[0 7 0 0 0 1],0.9760983378828046
[4 8 0 0 1 1],0.9786422233002579
[4 8 0 0 0 1],0.979145569980316
[4 5 2 0 1 0],0.9727932909175727
[10  5  0  0  4  1],0.9715210249705466
[8 3 0 1 0 1],0.9730465804490995
[4 6 3 0 0 0],0.9674515840745403
[10  7  8  1  2  1],0.9585580055007401
[4 9 0 0 1 1],0.9786402838704606
[10  9  0  0  1  1],0.9799119033408876
[7 2 0 0 0 1],0.9758411694916832
[9 3 0 0 0 1],0.9794014454182394
[11  6  5  0  2  1],0.9671995874962116
[2 9 0 0 0 0],0.9760976914062056
[1 5 0 0 0 1],0.9796566743795634
[1 9 0 1 0 1],0.9720288969867985
[8 5 5 0 0 1],0.9710112135244973
[1 5 3 6 1 1],0.9382153263569026
[0 5 0 1 1 1],0.9699967624451917
[10  6  5  0  0  1],0.9705026950316463
[0 3 0 1 0 0],0.9638951870075787
[ 8  9  0 14  0  1],0.9249944920193757
[10  8  0  1  2  1],0.9697428264370658
[9 5 0 0 0 1],0.9796560279029644
[4 5 0 0 2 1],0.977117314298304
[10  9  1  0  0  1],0.9783850549091364
[7 9 1 4 0 1],0.952709719594654
[8 9 0 0 1 1],0.9788935734019875
[7 4 0 0 0 1],0.9794014454182394
[2 9 0 0 0 1],0.9773686644000334
[5 5 5 0 0 1],0.9694863045225435
[10  6 12  0  2  1],0.9565219920995387
[5 9 1 0 2 1],0.976862731813579
[ 6  1 12  0  0  1],0.9468588477821716
[10  7  3  0  0  1],0.9733005164572255
[10  5 12  0  0  1],0.9580456081482944
[6 9 8 0 1 1],0.9641497694923038
[6 8 0 0 7 1],0.9425445215504267
[1 2 0 1 2 1],0.9659312004087801
[2 9 3 0 0 1],0.9725361225264513
[8 6 0 0 0 1],0.9794033848480366
[4 4 0 1 0 1],0.9705014020784481
[4 6 0 0 2 1],0.9773693108766326
[5 9 0 0 7 1],0.9384705553182269
[11  4  0 19  0  1],0.9150761187406843
[7 9 0 5 0 1],0.9460976862343927
[6 3 0 0 2 0],0.9755917588197509
[7 6 0 0 1 1],0.9788942198785866
[1 3 3 0 0 1],0.971263210102826
[3 8 0 4 0 1],0.9524531976801316
[1 8 1 0 0 1],0.979145569980316
[11  7  0  0  0  1],0.9788935734019875
[1 9 0 0 1 1],0.9778771828928845
[8 9 6 1 0 1],0.9651648670482085
[9 8 0 0 0 1],0.9786396373938615
[5 4 0 0 0 1],0.9794027383714375
[ 1  4 10  0  1  1],0.962116341997499
[1 3 4 1 0 1],0.9684718534432378
[11  9  8  0  0  1],0.9661812575573114
[3 9 0 0 2 1],0.9755930517729492
[7 3 3 0 0 1],0.9735531595121533
[2 9 1 0 0 0],0.9745708429744544
[ 7  5 20  0  2  1],0.9458431037496677
[1 8 0 0 0 1],0.9781285329946141
[9 4 0 0 0 1],0.9794014454182394
[1 7 0 0 1 1],0.9776251863145559
[ 0  6 14  0  0  1],0.9539787531586847
[7 4 0 6 1 1],0.9397389424056584
[4 6 0 0 0 1],0.9786402838704606
[1 1 0 0 1 1],0.9534676487594373
[11  9  0  0  0  1],0.9796553814263653
[ 7  9 15  0  0  1],0.9570311570689889
[9 9 5 0 0 1],0.9697389475774711
[7 8 0 0 5 1],0.9677093989422609
[7 4 4 0 0 1],0.9725380619562485
[11  0  0  0  0  1],0.8939645203298789
[7 9 0 0 0 1],0.9786396373938615
[10  9  0  0  2  1],0.9773712503064299
[ 2  4  0 19  0  1],0.9122854085576952
[10  8  0  6  0  1],0.9427906998393636
[6 9 3 0 0 1],0.9738090349500765
[4 9 2 1 0 0],0.9661812575573114
[7 8 9 0 1 1],0.9641484765391056
[2 8 0 0 0 1],0.9786402838704606
[0 6 5 0 1 1],0.969235600897413
[ 6  2 17  0  0  1],0.9501638947474035
[5 5 1 0 5 0],0.9697434729136649
[7 8 3 0 2 1],0.9717769004084698
[10  2  2  0  0  1],0.9727913514877754
[11  2  0  0  0  0],0.9730452874959014
[0 8 0 0 0 1],0.9771134354387094
[ 4  9 12 16  0  1],0.9214342160928195
[3 6 0 0 2 1],0.9771166678217049
[10  6  0  0  1  1],0.9794040313246357
[5 9 0 0 5 1],0.9679633349503869
[3 9 1 0 0 1],0.9796547349497662
[11  9  0  0  7  1],0.9430498076602822
[11  5  0  2  2  1],0.962117634950697
[8 1 0 0 0 1],0.9547386217532652
[9 7 0 0 0 1],0.9786389909172624
[9 6 1 0 0 1],0.9786409303470597
[10  8  0  0  1  1],0.9778784758460828
[10  1  4  0  0  1],0.9527071336882575
[6 2 0 0 1 1],0.9743194928727248
[3 5 5 0 0 1],0.9699941765387954
[0 9 0 6 1 1],0.9389764879046814
[1 4 0 0 1 1],0.9768614388603807
[1 9 0 0 0 1],0.9783831154793391
[11  9  0  1  0  1],0.9722841259481225
[7 3 0 0 1 1],0.9778765364162854
[7 6 0 0 0 1],0.9799093174344913
[8 5 0 0 1 1],0.9773712503064299
[4 8 1 0 4 1],0.9712683819156187
[5 8 0 0 0 0],0.9776219539315604
[5 5 0 8 0 1],0.937956865012583
[0 4 3 0 0 1],0.9733018094104237
[0 9 0 6 0 1],0.9438103227314619
[10  7  0  0  0  1],0.9799106103876893
[ 2  9  0 17  0  0],0.9051590384151911
[ 9  9  0 12  0  1],0.9290594075791883
[7 9 0 0 1 1],0.9786402838704606
[10  0  8  0  1  1],0.8665077540989202
[8 2 0 0 0 1],0.9750800079439045
[ 0  9 11  0  5  1],0.9366930032613452
[1 5 0 0 2 1],0.9771160213451058
[ 5  2  0 20  2  1],0.88710695515728
[11  4  1  0  1  1],0.9778778293694836
[6 9 0 1 0 1],0.9725387084328476
[3 6 0 3 0 1],0.9570311570689889
[8 4 3 0 0 1],0.9743175534429275
[5 3 0 5 0 1],0.9473680127516216
[2 8 4 0 0 1],0.9712670889624206
[10  9 17  0  0  1],0.9529597767431854
[4 5 0 1 0 1],0.9717762539318706
[10  2  0  0  0  1],0.9760970449296065
[10  9  3  0  0  1],0.9740629709582025
[10  9  0  1  5  1],0.958557359024141
[10  9  0  1  0  1],0.9730465804490995
[6 2 0 0 0 1],0.9753345904286295
[2 3 2 0 2 1],0.974321432302522
[0 3 4 0 0 1],0.9712677354390197
[8 2 0 0 1 1],0.9735557454185496
[8 8 0 0 1 1],0.9783857013857356
[ 1  9  0 17  1  1],0.9107553277429485
[ 6  5 11  0  0  1],0.9605894935657477
[1 5 1 0 0 1],0.9776213074549613
[7 9 0 0 2 1],0.977626479267754
[5 9 0 0 1 1],0.9776238933613577
[2 9 0 2 0 1],0.9644024125472316
[11  3  0  0  0  0],0.9763516274143316
[4 6 0 1 0 1],0.9725380619562485
[9 9 9 0 0 1],0.9641471835859075
[11  4  1  0  0  1],0.9786376979640641
[10  6  1 17  0  1],0.919402081551213
[5 5 0 5 0 1],0.9463529151957168
[2 7 0 0 0 1],0.9786389909172624
[ 5  3  0 14  5  1],0.8665174512479067
[8 4 0 0 0 1],0.9786389909172624
[ 4  4 20  0  0  1],0.9506737061934527
[5 6 0 0 0 0],0.9776219539315604
[5 8 2 0 0 1],0.9753345904286295
[10  8  9  0  0  1],0.9628755641154804
[11  8  0  1  0  1],0.9722828329949245
[8 8 4 0 0 0],0.9674535235043376
[10  8  3  6  0  1],0.9438083833016646
[11  8  0  0  0  1],0.9794014454182394
[10  5  0  1  0  1],0.9730472269256987
[11  6  3  0  2  1],0.9730504593086942
[5 6 0 0 5 1],0.9669475909178831
[8 6 4 0 0 1],0.9725367690030504
[10  4 17  0  0  1],0.9521986151954066
[10  6  0 11  1  1],0.9244859735265247
[4 7 0 0 2 1],0.9761015702658001
[10  1  5  0  0  1],0.9524499652971361
[1 3 8 0 0 1],0.9638951870075787
[8 2 0 1 0 1],0.9692317220378184
[0 6 3 0 0 1],0.9738090349500765
[5 3 0 3 0 1],0.955505601590436
[10  2  0  0  5  1],0.960591432995545
[ 4  5 13  0  5  1],0.9359318417135664
[ 3  8 10  0  0  1],0.9621131096145035
[8 4 0 6 0 1],0.9450793562954926
[5 9 0 3 1 1],0.9577916721401685
[8 9 0 6 0 0],0.9344011144222206
[1 9 0 0 5 1],0.9687264359279628
[11  3  0  0  0  1],0.9788935734019875
[10  5  0  2  0  1],0.9651648670482085
[5 3 1 0 0 1],0.9791475094101134
[5 3 0 0 0 0],0.9763516274143316
[7 6 0 0 2 1],0.9771166678217049
[8 7 0 0 0 1],0.9788935734019875
[11  6  3  0  8  1],0.8893981975198055
[1 9 0 0 1 0],0.9748273648889767
[1 3 0 2 0 1],0.9636373721398582
[ 8  9  0 13  0  1],0.9265187545447304
[9 4 0 0 1 1],0.9786396373938615
[10  7  0  4  0  1],0.9524531976801316
[3 8 0 0 2 1],0.9763548597973271
[5 5 0 0 0 1],0.9799099639110903
[11  3  0  0  1  1],0.9786389909172624
[10  4  0  1  1  1],0.9725380619562485
[2 8 0 1 0 0],0.9646557020787585
[3 8 0 0 1 1],0.9766068563756556
[9 9 0 0 1 1],0.9778784758460828
[ 9  6 20  0  0  1],0.9486396322220487
[1 9 3 0 0 1],0.9727919979643744
[3 9 3 0 0 1],0.9735550989419506
[7 9 0 2 0 1],0.9638932475777815
[5 8 0 0 1 1],0.9788942198785866
[10  9  1  0  1  1],0.9776238933613577
[10  1  0  0  0  1],0.9544853322217384
[3 5 0 0 0 1],0.9781304724244113
[7 5 0 0 0 0],0.9766042704692592
[3 9 4 0 2 1],0.9694901833821381
[ 9  9 12  0  0  1],0.9572838001239166
[ 0  6  0 19  0  1],0.9107514488833539
[4 2 0 0 0 1],0.9750800079439045
[4 5 0 0 0 1],0.9786389909172624
[ 2  6 11  0  0  1],0.9605888470891486
[1 5 0 0 0 0],0.9760963984530073
[5 8 3 0 0 1],0.9743169069663284
[5 3 0 1 0 1],0.9715203784939475
[ 1  6 12  0  0  1],0.9600803285962975
[9 5 1 0 0 1],0.9786389909172624
[11  8  5  0  0  1],0.9697408870072685
[6 6 3 0 0 1],0.9738083884734774
[3 6 0 0 5 1],0.9684718534432378
[0 7 0 0 1 1],0.9776213074549613
[10  6  0  2  0  1],0.9651661600014068
[5 9 0 0 0 0],0.9776213074549613
[2 5 0 1 0 1],0.9725387084328476
[8 6 3 0 1 0],0.9722847724247217
[5 9 0 1 0 1],0.9730465804490995
[3 7 0 0 0 1],0.9783857013857356
[11  5  0  0  7  1],0.9415248986583283
[11  9  0  0  1  1],0.9791494488399106
[11  9  0 19  0  1],0.9158411591480576
[10  9 12  0  1  1],0.9605888470891486
[6 3 0 0 5 1],0.9666936549097571
[5 3 0 0 2 1],0.9771166678217049
[7 8 0 1 0 0],0.9659286145023838
[10  8  0  0  0  0],0.9778771828928845
[0 9 3 0 0 1],0.9727881191047799
[8 9 1 0 1 1],0.9776251863145559
[ 5  9 11  0  0  1],0.9588074161726723
[0 9 8 0 0 1],0.9616032981684542
[3 6 4 0 5 1],0.9562680560914129
[7 3 0 1 0 1],0.9730465804490995
[7 8 6 0 0 1],0.9679601025673913
[5 2 0 0 1 1],0.9750800079439045
[0 1 0 0 0 1],0.9521947363358121
[4 7 3 0 1 1],0.9745727824042516
[10  0  0  0  0  1],0.8906614127944442
[2 4 4 0 2 1],0.9689797254594896
[7 6 4 0 0 1],0.9725380619562485
[0 6 5 0 0 1],0.9702513449299168
[10  3  0  0  2  1],0.9761009237892011
[1 3 0 1 0 1],0.9705033415082454
[10  9  0  5  0  1],0.9476245346661439
[10  6  0  0  5  1],0.9669469444412839
[7 7 0 0 1 1],0.9781330583308078
[10  4  2  0  0  1],0.9771127889621103
[3 3 1 0 0 1],0.9788929269253883
[11  5 10  0  0  1],0.9631307930768045
[5 6 4 0 0 1],0.9712657960092224
[9 7 0 0 5 1],0.9677093989422609
[4 6 5 0 0 1],0.9702494055001194
[6 1 0 0 1 1],0.9527039013052621
[2 5 0 0 0 1],0.9783844084325373
[10  9  1  1  0  1],0.9717756074552716
[7 5 1 0 0 1],0.9791488023633116
[3 3 0 0 0 1],0.9781298259478123
[3 9 1 0 2 1],0.9758437553980797
[10  9  0 14  0  1],0.9224506066019225
[10  7  1  0  0  1],0.9786389909172624
[0 3 0 0 1 1],0.9758418159682823
[10  8  0  2  0  1],0.9646569950319566
[4 8 3 0 0 1],0.9748254254591794
[6 5 0 0 0 1],0.9796547349497662
[5 6 1 0 0 1],0.9773686644000334
[ 3  2 11  0  0  1],0.9577916721401685
[6 7 0 0 5 1],0.9669462979646848
[ 0  4 11  0  0  1],0.9577936115699658
[11  6  0  0  1  1],0.9773693108766326
[9 8 2 0 0 1],0.9763516274143316
[10  9 11  0  0  1],0.9600822680260949
[10  6  0  1  1  1],0.9720314828931949
[ 3  9 12  0  0  1],0.9613513015901256
[10  7  5  0  1  1],0.9697434729136649
[2 2 1 0 0 1],0.9735544524653514
[11  5  5  0  0  1],0.9694863045225435
[7 5 0 1 2 1],0.971270321345416
[10  9  5  0  0  1],0.9710105670478982
[4 7 0 0 0 1],0.9791462164569151
[0 9 2 0 0 1],0.9740642639114007
[10  9  0  0  4  1],0.972286711854519
[10  4 18  0  0  1],0.9519440327106816
[3 5 0 0 1 1],0.9773693108766326
[11  7  0  0  0  0],0.9778765364162854
[5 7 0 0 6 1],0.9600822680260949
[3 9 0 1 0 1],0.9710118600010964
[10  5  0  0  1  1],0.9783863478623347
[7 4 0 0 6 1],0.9626229210605526
[8 6 0 5 0 1],0.9481304672525985
[11  5  3  0  0  1],0.9730459339725004
[3 4 0 1 1 1],0.9725400013860458
[10  9  3  0  1  1],0.9740649103879997
[11  1  0  0  0  1],0.9544846857451392
[4 5 0 0 5 1],0.9679626884737877
[ 1  9  0 15  1  1],0.9115171357673264
[10  7  0  0  5  1],0.9674548164575358
[ 7  8 11  0  0  1],0.9608414901440764
[9 8 8 4 0 1],0.9504230025683222
[10  7  0  1  0  1],0.9725380619562485
[8 5 0 1 0 1],0.9720301899399966
[10  9 19  0  0  1],0.9504178307555294
[2 2 0 0 0 1],0.9740642639114007
[11  4  4  0  0  1],0.9730465804490995
[7 5 2 0 1 1],0.9766075028522547
[ 1  5  0 11  0  1],0.9293152830171114
[10  2  0  0  1  1],0.9748286578421749
[11  8  2  0  0  1],0.9750800079439045
[6 9 0 3 2 1],0.9532162986577077
[10  5  0  1  0  0],0.9672008804494099
[7 9 6 0 0 1],0.9692317220378184
[3 9 0 0 1 1],0.9773686644000334
[8 6 1 0 0 1],0.9788935734019875
[5 5 0 1 1 1],0.9720314828931949
[8 6 7 6 0 0],0.9374522253793266
[10  5 17  0  0  0],0.9422841207763097
[8 1 0 0 2 1],0.9476225952363466
[11  6  0  0  0  1],0.9783831154793391
[2 4 0 0 7 1],0.9435596191063315
[10  6  8  0  0  1],0.9651668064780059
[9 9 0 1 1 1],0.9720308364165957
[11  2  0  1  0  1],0.9692317220378184
[9 6 2 0 1 1],0.9776232468847585
[10  6  8  0  7  1],0.9041497591486782
[7 7 0 0 0 1],0.9796560279029644
[2 1 0 0 0 1],0.9534657093296399
[6 7 0 0 0 1],0.9794014454182394
[10  8  0  1  0  1],0.9712657960092224
[5 4 1 0 0 1],0.9783850549091364
[10  6  0  0  1  0],0.9773693108766326
[7 9 5 0 0 1],0.9710112135244973
[ 5  8  0 19  0  1],0.9135525026919286
[8 4 0 0 1 1],0.9788948663551856
[5 5 0 0 1 1],0.9783857013857356
[7 6 0 2 0 1],0.9638945405309797
[7 5 0 0 1 1],0.9778765364162854
[3 8 0 1 0 1],0.9727907050111764
[4 4 0 0 0 1],0.9794007989416402
[4 8 1 0 0 1],0.9773673714468354
[10  3 10  0  0  1],0.9628742711622822
[10  4  0  0  1  1],0.9786396373938615
[5 5 4 0 0 1],0.9727926444409736
[2 9 0 5 0 1],0.9494033796762238
[10  5  3  0  1  0],0.9710137994308937
[10  4  0  5  0  1],0.9486389857454496
[10  4  0 17  0  1],0.9171153645248811
[8 6 0 0 8 1],0.9059234323459653
[10  7  0  0  1  1],0.9788961593083838
[10  9  6  0  1  1],0.9689797254594896
[10  6  8  1  2  0],0.9529662415091764
[ 8  8  0 12  1  1],0.9237222260723494
[10  8  0  0  1  0],0.9766055634224575
[ 7  4 15  0  0  1],0.9565213456229397
[10  2  0  0  2  1],0.9730491663554959
[10  3  0 14  0  1],0.9255017175590285
[10  9  0 17  1  1],0.9097389372338456
[10  4  0  0  3  1],0.976863378290178
[11  6  1  0  0  1],0.9783857013857356
[7 2 8 0 0 1],0.9633840826083314
[7 4 8 0 0 1],0.9651655135248076
[1 9 0 9 0 1],0.931854643098371
[8 9 0 0 3 1],0.9758456948278769
[7 8 1 0 0 1],0.9794007989416402
[7 9 0 1 1 1],0.9722854189013208
[10  6  7  0  0  1],0.9666923619565588
[0 6 0 0 1 0],0.9725374154796494
[5 5 8 0 1 1],0.9672021734026081
[4 6 0 1 1 1],0.9717756074552716
[5 7 0 0 1 1],0.9786396373938615
[8 9 0 1 0 1],0.9715210249705466
[3 8 0 0 0 0],0.9776219539315604
[0 6 0 0 1 1],0.9768614388603807
[10  4  5  5  0  1],0.9483863426905218
[10  9  0  0  3  1],0.9766068563756556
[11  4  0  0  1  0],0.9766075028522547
[0 9 9 0 0 1],0.9598276855413699
[10  9 15  0  0  1],0.9555043086372377
[4 6 1 0 0 0],0.9766055634224575
[10  9  0 19  1  1],0.9071937588631942
[10  4  1  0  0  1],0.9794014454182394
[10  6  1  0  0  1],0.9791475094101134
[7 9 0 7 0 1],0.9402500468049058
[11  2  7  0  0  1],0.9649096380868845
[3 5 3 0 2 1],0.9702513449299168
[10  8  0 11  0  1],0.9295705119784357
[10  5  1  0  0  1],0.9788935734019875
[0 6 1 0 0 1],0.9778784758460828
[7 6 0 8 0 1],0.9377061613874526
[11  8  4  0  0  1],0.9717730215488751
[8 4 0 0 2 0],0.9758456948278769
[ 9  4  0 16  0  1],0.9199099535674649
[8 6 3 0 1 1],0.9740655568645988
[10  5  0  0  5  1],0.9679626884737877
[11  3  5  0  0  1],0.9705020485550473
[3 4 0 0 1 1],0.9794020918948384
[8 0 0 0 0 1],0.8929500692505733
[7 6 0 1 0 1],0.9705026950316463
[3 9 0 0 0 0],0.9760976914062056
[8 9 1 0 0 1],0.9791481558867126
[10  6  0  0  3  1],0.9760996308360028
[10  4  0  0  5  1],0.9669456514880856
[9 8 5 0 0 1],0.9707572775163713
[2 9 0 0 5 1],0.968727082404562
[8 4 0 0 2 1],0.9760996308360028
[11  5  1  0  0  1],0.9783850549091364
[8 9 1 0 2 1],0.9771166678217049
[11  4  0  0  1  1],0.9786402838704606
[6 6 0 0 2 1],0.977117314298304
[8 6 0 1 0 1],0.9717756074552716
[10  6 16  0  0  1],0.9549951436677876
[8 6 0 0 0 0],0.9768594994305835
[3 7 0 0 4 1],0.9725393549094468
[11  2  1  0  1  1],0.9745727824042516
[8 9 0 0 0 0],0.9755898193899537
[3 9 0 0 4 1],0.97050722036784
[5 8 9 0 0 1],0.9633827896551332
[0 9 4 0 0 1],0.9712657960092224
[10  9 16  0  0  1],0.9555036621606385
[2 5 0 2 1 1],0.9649122239932808
[5 9 7 0 0 1],0.9661819040339106
[11  5  0  0  1  1],0.9773712503064299
[10  4  0  0  2  1],0.9773712503064299
[9 6 0 1 0 1],0.9733011629338246
[5 9 2 0 0 1],0.9768607923837815
[1 6 0 7 0 1],0.9399922319371852
[10  7  0 11  1  1],0.9257556535671545
[5 6 0 0 1 1],0.9786389909172624
[5 4 0 1 0 1],0.9710112135244973
[1 8 0 0 1 1],0.9773712503064299
[10  3  4  0  1  1],0.9715229644003438
[4 4 1 0 0 1],0.9791468629335143
[5 7 0 2 1 1],0.9656733855410595
[10  4  0  0  0  0],0.9778765364162854
[2 4 3 0 0 1],0.9735550989419506
[ 3  9 13  0  1  1],0.9600809750728967
[1 9 0 1 1 1],0.971269674868817
[7 9 1 0 0 1],0.9781304724244113
[7 5 2 0 0 1],0.9755898193899537
[10  4  5  0  0  1],0.9699954694919934
[9 6 0 0 1 1],0.9796579673327617
[10  9  0  6  0  1],0.9417756022834588
[2 6 0 0 1 1],0.9776238933613577
[5 9 1 0 0 1],0.9773686644000334
[10  3  0  0  7  1],0.9397473466014467
[ 7  9 10  0  0  1],0.9628775035452777
[2 9 1 0 1 1],0.9760983378828046
[ 2  8 16  0  0  1],0.9542326891668107
[10  8 11  1  0  1],0.9577910256635694
[3 7 0 0 1 1],0.9786396373938615
[8 8 8 0 0 1],0.9638906616713852
[8 8 0 0 2 1],0.976862731813579
[10  9  0  2  0  1],0.9644017660706325
[7 8 0 0 1 1],0.9778791223226818
[8 9 8 0 0 1],0.9659273215491855
[5 9 0 0 4 1],0.9725393549094468
[10  9  7  0  1  1],0.967455462934135
[10  4  0  1  0  1],0.9730465804490995
[10  8  3  0  2  1],0.9722880048077172
[5 4 0 0 2 1],0.9763535668441288
[8 8 0 0 4 1],0.9722847724247217
[3 9 0 1 1 1],0.9725393549094468
[9 2 0 0 0 1],0.9758437553980797
[5 8 0 1 0 1],0.9707592169461687
[2 6 0 1 0 1],0.9715223179237447
[6 9 0 2 0 1],0.9646569950319566
[10  9  8  0  1  1],0.9654207424861319
[10  6  0  0  0  0],0.9766055634224575
[10  9  0  3  0  0],0.9504223560917231
[7 9 0 0 7 1],0.943301804238611
[10  9  0  0  6  1],0.9616052375982516
[3 5 5 0 0 0],0.9641478300625066
[4 9 0 0 5 1],0.9672008804494099
[3 4 6 0 0 1],0.9687238500215665
[5 4 0 0 0 0],0.9760976914062056
[10  8 17  0  0  1],0.9532143592279104
[4 5 0 3 0 1],0.9560128271300887
[10  8  1  0  1  1],0.9768607923837815
[9 4 0 1 0 1],0.9730478734022977
[6 4 0 0 1 1],0.9768601459071825
[10  8  0  9  1  1],0.9295705119784357
[3 4 3 0 0 1],0.9735531595121533
[10  9  1  0  0  0],0.9760970449296065
[10  4  0  0  8  1],0.9061760754008931
[5 9 5 0 0 1],0.9694875974757415
[5 3 0 0 1 1],0.9768601459071825
[3 3 0 0 0 0],0.9768588529539843
[10  5  0  3  0  1],0.9577936115699658
[5 5 3 0 0 1],0.9740623244816033
[8 4 7 0 1 1],0.9671976480664144
[10  4  8  0  0  1],0.9664351935654374
[10  1  1  0  0  1],0.9529571908367889
[11  6 11  0  0  1],0.9616039446450533
[8 8 0 1 0 1],0.9725387084328476
[ 9  4  0 18  0  1],0.9171121321418856
[10  3  0  0  1  1],0.9781324118542087
[3 9 1 0 1 1],0.9763522738909306
[2 9 0 0 3 1],0.9753391157648232
[8 9 0 0 2 1],0.976608795805453
[2 7 0 0 1 1],0.9786402838704606
[4 3 0 1 0 1],0.9722821865183253
[6 9 0 6 0 1],0.9427900533627644
[4 6 0 0 1 1],0.9771153748685066
[11  2  0  0  1  1],0.9748280113655758
[3 4 2 0 0 1],0.9753326509988323
[6 8 0 1 0 1],0.9717749609786726
[1 9 1 0 0 1],0.9776213074549613
[2 5 0 0 1 1],0.9791494488399106
[8 6 0 6 0 1],0.944065551692786
[8 7 0 0 2 1],0.9766081493288539
[9 4 0 0 5 1],0.9687251429747646
[4 4 0 0 1 1],0.9783857013857356
[ 5  9 12  0  1  1],0.9588080626492714
[8 9 1 0 4 1],0.97050722036784
[8 4 1 0 0 1],0.9783857013857356
[3 4 1 0 0 1],0.9791481558867126
[2 5 0 0 2 1],0.9773706038298309
[9 3 1 0 0 1],0.9778778293694836
[11  4  0  0  0  0],0.9776226004081594
[9 4 0 0 4 1],0.9725400013860458
[11  9 10  0  0  1],0.9621124631379043
[8 5 4 0 0 1],0.9717743145020734
[10  2  0  0  7  1],0.9318630472941593
[5 7 0 1 0 1],0.9712664424858215
[0 9 0 0 1 1],0.9763535668441288
[10  0  0  0  2  1],0.8087976931646219
[3 3 0 0 4 1],0.9720321293697939
[10  9  0  2  1  1],0.9646569950319566
[ 7  6  0 20  0  1],0.9135499167855321
[8 4 0 0 3 1],0.9758456948278769
[8 6 0 0 5 1],0.9671995874962116
[3 7 0 0 3 1],0.9760996308360028
[7 6 1 0 0 1],0.9778765364162854
[1 9 2 0 0 1],0.9748260719357785
[9 9 1 0 0 1],0.9788935734019875
[10  6  1 20  0  1],0.9122802367449023
[ 5  2  0 16  0  1],0.9211822195144909
[3 9 0 3 0 1],0.9575364431788445
[9 9 0 1 0 1],0.9710137994308937
[1 6 0 0 1 1],0.9763529203675296
[2 6 0 0 2 1],0.9773693108766326
[10  9  0  1  1  1],0.9727939373941717
[ 5  8 14  0  0  1],0.9562687025680119
[0 8 0 0 1 1],0.9771160213451058
[10  5  0  0  0  0],0.9778778293694836
[3 5 0 0 2 1],0.9758456948278769
[8 4 1 0 1 1],0.9781317653776096
[11  4  2  0  0  1],0.976100277312602
[ 5  5 17  0  0  1],0.9509257027717813
[ 4  9 20  0  0  1],0.9491468577617015
[10  5  3  0  0  1],0.9755885264367554
[9 8 0 3 1 1],0.9570305105923897
[3 3 0 0 1 1],0.9773718967830289
[9 5 0 0 1 1],0.9778771828928845
[8 9 1 1 0 1],0.9722821865183253
[2 9 0 0 7 1],0.9410150872122791
[10  4  0  6  1  1],0.9397389424056584
[ 2  9  0 19  0  1],0.9155872231399317
[3 4 2 0 1 1],0.9748280113655758
[2 9 0 1 0 1],0.9707592169461687
[10  9  0  1  6  1],0.9488987400429674
[3 5 1 0 0 1],0.977365432017038
[3 4 0 0 2 1],0.977117314298304
[3 6 0 0 4 1],0.9733031023636218
[2 6 1 1 0 1],0.9727919979643744
[9 4 1 0 0 1],0.9783863478623347
[8 4 0 0 7 1],0.9430523935666786
[2 6 3 0 2 1],0.973303748840221
[8 4 2 0 0 1],0.9753352369052286
[8 9 5 0 0 1],0.9707579239929705
[10  9  0  0  8  1],0.9082127352786935
[ 7  5  0 14  1  1],0.9171114856652864
[ 3  8 18  0  0  1],0.9511809317331055
[7 4 0 0 5 1],0.9669469444412839
[ 1  9 17  0  0  1],0.9534663558062391
[8 5 1 0 0 1],0.9783857013857356
[4 5 0 0 1 1],0.9796579673327617
[11  4  0  0  2  1],0.976863378290178
[10  6  0  6  0  1],0.9427926392691608
[0 9 0 2 1 1],0.9608447225270719
[8 5 0 2 0 1],0.9644017660706325
[10  8  1  0  0  1],0.9791475094101134
[3 4 0 0 0 0],0.9773686644000334
[8 6 5 0 0 1],0.9710112135244973
[10  4 15  0  0  1],0.9537235241973605
[10  6 17  0  0  1],0.9532143592279104
[0 9 1 0 0 1],0.9771140819153085
[3 5 0 0 5 1],0.9677074595124635
[10  6  0  0  4  1],0.9730478734022977
[8 8 0 0 5 1],0.9666923619565588
[10  6  0 10  0  1],0.9328749124670684
[2 5 1 0 1 1],0.9763503344611333
[10  4  3  0  0  1],0.9738096814266756
[10  6  0 15  0  1],0.9206730545450408
[10  8  0  0  3  1],0.9758456948278769
[10  5 17  0  0  1],0.9527071336882575
[10  5  1  0  1  1],0.9768594994305835
[ 3  6 17  0  0  1],0.9537235241973605
[3 4 0 1 0 0],0.9656759714474559
[7 9 0 0 0 0],0.9771140819153085
[10  5  9  0  0  1],0.9628755641154804
[ 6  8  0 19  0  1],0.9148273545453511
[7 4 4 0 1 1],0.9717788398382671
[5 9 3 0 0 1],0.9743181999195266
[3 7 0 1 0 1],0.9720295434633975
[6 5 2 0 0 1],0.9755904658665527
[10  4  7  0  0  1],0.9664351935654374
[2 8 1 0 0 1],0.9788935734019875
[ 2  6 11  0  1  1],0.9610973655819997
[4 1 0 0 0 1],0.9539768137288873
[4 6 1 0 0 1],0.9786389909172624
[4 4 0 0 5 1],0.9674548164575358
[4 7 0 1 0 1],0.9717749609786726
[3 6 7 0 1 0],0.962116341997499
[3 9 0 2 0 1],0.9628781500218768
[4 6 0 0 0 0],0.9786396373938615
[ 5  4  0 18  1  1],0.9069391763784691
[10  4  0  0  1  0],0.9760983378828046
[5 4 0 0 1 0],0.9766068563756556
[ 4  9  2 19  0  1],0.9158405126714586
[9 8 0 0 5 1],0.9684724999198369
[10  5  5  0  0  1],0.9692317220378184
[10  4 11  0  0  1],0.9623683385758276
[4 6 3 0 0 1],0.9738077419968783
[8 9 0 0 4 1],0.9730478734022977
[3 8 0 2 0 1],0.9626216281073544
[2 6 1 0 0 1],0.9783850549091364
[4 9 0 4 0 1],0.950676292099849
[8 5 0 0 8 1],0.9074483413479192
[10  7  1  0  1  1],0.9781324118542087
[3 6 0 0 0 0],0.9773693108766326
[10  6 20  0  0  1],0.9511822246863038
[10  9  1  0  4  1],0.9715229644003438
[9 6 0 0 0 0],0.9776219539315604
[8 4 0 0 0 0],0.9766055634224575
[4 6 1 0 1 1],0.9783869943389337
[11  7  0  0  1  1],0.9791488023633116
[3 6 1 0 1 1],0.9771160213451058
[ 4  6 12  0  0  1],0.9572831536473175
[ 3  2  0 16  0  1],0.91838569104211
[ 3  9 18  0  0  1],0.9524544906333299
[ 8  9  0 19  0  1],0.9148234756857565
[5 9 4 0 0 1],0.9740636174348015
[8 5 8 0 2 1],0.9613545339731211
[3 9 0 5 0 1],0.9463516222425187
[8 7 3 0 4 1],0.9651687459078031
[10  3  0  0  3  1],0.9766081493288539
[8 7 1 0 0 1],0.9788929269253883
[2 8 0 0 1 1],0.9788942198785866
[9 5 0 0 2 1],0.9768620853369798
[10  7 12  0  0  1],0.9598250996349734
[10  9  0 19  0  1],0.9150767652172833
[9 6 1 0 1 1],0.9771160213451058
[10  4  4  0  0  1],0.9717736680254743
[10  8  1  1  0  1],0.9717756074552716
[5 4 1 0 1 1],0.9773693108766326
[5 6 0 0 4 1],0.9735570383717478
[8 9 0 0 5 1],0.9666923619565588
[6 6 0 0 5 1],0.9666923619565588
[2 9 1 0 0 1],0.9771108495323129
[8 4 4 0 1 1],0.9725406478626449
[3 6 2 0 0 1],0.9768601459071825
[1 9 4 0 0 1],0.9705020485550473
[6 9 0 0 4 1],0.9740655568645988
[7 4 1 0 0 1],0.9783850549091364
[10  7 11  0  1  1],0.9608440760504727
[10  9  2  0  0  1],0.9768601459071825
[8 4 0 1 1 1],0.971523610876943
[6 6 0 0 1 1],0.9778778293694836
[4 7 0 0 1 1],0.9778784758460828
[9 7 3 0 0 1],0.9740629709582025
[5 4 0 4 0 1],0.9511809317331055
[8 4 0 2 1 0],0.9572857395537139
[11  9  1  0  0  1],0.9791475094101134
[9 8 0 0 1 1],0.9778791223226818
[9 9 3 0 0 1],0.9735531595121533
[ 8  5  0 11  0  1],0.9331314343815909
[3 6 1 0 0 1],0.9783857013857356
[5 7 2 0 0 1],0.9755872334835572
[10  7  0  0  0  0],0.9776232468847585
[10  9  4  0  0  1],0.9722834794715235
[10  8 18  0  0  1],0.9529623626495818
[2 8 0 0 2 1],0.9766075028522547
[10  4  1  0  4  1],0.9717769004084698
[10  4  0  4  0  1],0.9514355142178306
[3 6 0 1 0 1],0.9720301899399966
[5 6 0 0 7 1],0.9397479930780457
[5 6 0 0 2 1],0.9763542133207279
[8 9 0 5 1 1],0.9460976862343927
[3 4 0 1 0 1],0.9715184390641501
[9 4 0 9 1 1],0.9313461246055199
[ 3  6 11  0  0  1],0.9616065305514497
[ 8  4 12  0  0  1],0.9570279246859934
[9 9 0 6 0 1],0.9438083833016646
[2 9 0 0 2 1],0.975337822811625
[7 7 1 0 0 1],0.9781317653776096
[5 6 1 0 1 1],0.9773693108766326
[ 5  9 10  0  0  1],0.9628762105920795
[5 6 0 0 8 1],0.9077029238326443
[5 6 6 0 1 1],0.9684705604900397
[10  7  0  0  2  1],0.9781330583308078
[5 6 0 0 6 1],0.9638938940543806
[4 4 2 0 0 1],0.9755891729133546
[4 9 1 0 0 1],0.9778771828928845
[8 4 7 0 0 1],0.9669443585348876
[5 6 0 0 3 1],0.976609442282052
[10  8  8  0  1  1],0.9641504159689029
[ 5  6 17  5  0  1],0.9412651443608104
[2 3 1 0 0 1],0.9783863478623347
[10  4  4  0  1  1],0.9722860653779198
[2 4 1 0 1 1],0.9783869943389337
[10  7  4  0  0  1],0.9720282505101994
[8 6 3 0 0 1],0.9745708429744544
[7 7 0 0 5 1],0.9687257894513637
[9 8 1 0 0 1],0.9783850549091364
[8 6 1 0 1 1],0.9776251863145559
[7 9 1 0 1 1],0.9773699573532317
[3 9 1 1 0 1],0.9710105670478982
[2 9 5 0 0 1],0.9697389475774711
[2 9 0 3 0 1],0.9549970830975849
[3 2 0 0 1 1],0.9735557454185496
[3 9 4 0 0 1],0.9717749609786726
[10  4  1  0  1  1],0.9786409303470597
[ 6  7  0 19  0  1],0.912792634097348
[2 6 0 1 1 1],0.9740649103879997
[3 6 1 9 0 1],0.9338938888825677
[2 4 0 0 0 0],0.9768582064773852
[9 4 0 2 0 1],0.9641491230157047
[8 5 0 0 0 0],0.9768594994305835
[2 9 8 0 0 1],0.9646563485553575
[5 5 1 1 0 1],0.9715210249705466
[8 8 1 0 1 1],0.9768620853369798
[10  5  5  1  0  1],0.9656740320176587
[9 7 0 0 1 1],0.9788935734019875
[8 7 9 0 0 1],0.9638951870075787
[ 8  5 15  0  0  1],0.9552503726291117
[3 4 1 0 0 0],0.9758418159682823
[10  6  0  0  8  1],0.9082140282318916
[0 5 1 0 0 1],0.9766049169458584
[7 1 0 0 0 1],0.9555036621606385
[10  8  0  0  5  1],0.9674548164575358
[4 8 0 0 7 1],0.9422886461125035
[10  3  1  0  0  1],0.9776213074549613
[10  8  0  0  8  1],0.9082133817552925
[3 8 1 0 0 1],0.9788935734019875
[10  5  0  1  1  1],0.9727932909175727
[5 5 1 0 1 1],0.9781311189010105
[9 9 4 0 0 1],0.9730478734022977
[8 6 0 4 0 1],0.9522005546252039
[10  9  5  1  0  1],0.9664364865186357
[3 6 3 0 0 1],0.9735538059887523
[5 7 1 0 0 1],0.9771140819153085
[10  6  0  8  0  1],0.9366897708783497
[3 5 0 0 1 0],0.9760989843594037
[10  4  0  0  7  1],0.9430491611836831
[10  9  9  0  0  1],0.9633853755615296
[10  8  0 17  0  1],0.9196534316529423
[3 9 0 0 5 1],0.9671995874962116
[8 7 0 0 6 1],0.9608421366206754
[3 5 1 0 1 1],0.9776232468847585
[1 1 0 0 0 1],0.9539768137288873
[8 9 0 7 0 1],0.9379600973955785
[6 9 1 0 0 1],0.9786402838704606
[10  6  4  0  0  1],0.9702481125469213
[5 5 6 0 0 1],0.9682146850521163
[10  7 11  0  0  1],0.9613519480667246
[5 5 0 6 1 1],0.9392291309596092
[10  5  0  0  1  0],0.9773699573532317
[7 4 0 0 4 1],0.9722847724247217
[8 8 1 0 0 1],0.9794007989416402
[4 6 0 0 5 1],0.967201526926009
[5 9 1 0 1 1],0.9771166678217049
[ 8  9  0 16  0  1],0.9206711151152435
[4 7 0 0 5 1],0.9664377794718337
