reward_min,rewards_max,rewards_mean,time
0.7719349510074174,0.9260218726306633,0.851525610429064,33.73526573181152
0.7831242972799368,0.9232292230178769,0.8727229801226547,50.21650815010071
0.7630374935740225,0.9275493675390136,0.8560712621498812,80.57616591453552
0.7782930483595527,0.9417827135260488,0.8806994346691436,103.62325620651245
0.8474631999660729,0.9148409305539322,0.8783232291195816,127.4516031742096
0.6847217668153736,0.9489013259493638,0.8630586236616642,157.31125688552856
0.7843842801715801,0.9486467434646388,0.8669659605504464,181.68648409843445
0.8510267082756244,0.9519550228128661,0.9060953143117507,206.1867151260376
0.8843220632636828,0.9463593799617079,0.9098134921476366,233.79634547233582
0.7289467137784333,0.9323786770296003,0.874945485860781,260.76534724235535
0.7604923152033711,0.932885256092654,0.8739950036409562,296.1719274520874
0.7660898974843269,0.9438174339740519,0.8868034343940032,321.42216444015503
0.7920198152835343,0.9542410933625989,0.8797791590684116,351.016188621521
0.6051221375309146,0.9603433152768109,0.8443046607601117,370.6257469654083
0.8301638740601522,0.9278026570705404,0.8852146373421433,396.9072427749634
0.8352406547928741,0.9415313634243193,0.8910598524843838,416.3449239730835
0.5751337689378855,0.9402616833836897,0.8524791634127344,439.8295192718506
0.7571930865275311,0.9456008043203254,0.8768550161153686,470.798556804657
0.8637235086819222,0.9496631339737416,0.9069538837210986,501.92384815216064
0.8314238569517955,0.9323825558891949,0.8745993946134536,517.3927416801453
0.878221780779268,0.9664435977612257,0.9114651267249289,535.564786195755
0.8451654928375565,0.9588216386578525,0.9071414265824972,563.4556710720062
0.6679419495044887,0.9445753631388353,0.8207894785157726,578.6745629310608
0.7200680041664124,0.9206788728344326,0.8474874266766241,602.7997887134552
0.7973718657521522,0.9567823928736557,0.8839759720163554,628.8469064235687
0.7216155398493347,0.9189000278243529,0.8542899928525547,652.2065007686615
0.954241739839198,0.9654259142989245,0.96088195957918,668.4254002571106
0.952716184360645,0.968988129655278,0.962948987695223,677.6442370414734
0.9341542896566848,0.9689855437488817,0.9572282354602241,691.9881212711334
0.9232279300646786,0.9758508666406697,0.9553219375886319,703.8163566589355
0.881780763752626,0.9755956376793455,0.9538279624919449,707.4726405143738
0.9504242955215204,0.9755943447261473,0.9648234627562245,720.0196318626404
0.9392368886787983,0.9674638671299232,0.9587528212238784,731.3166122436523
0.9501716524665926,0.9669508233008786,0.9590057067075308,741.1604545116425
0.9377126261534435,0.9738154997160675,0.9574179601801445,752.7074372768402
0.9519504974766726,0.9755956376793455,0.9679046187132736,757.3324801921844
0.9461028580471855,0.9806801761312565,0.9616755904141484,766.4575660228729
0.955258130348301,0.9710209106734838,0.9646650759894453,774.0357620716095
0.9534741135254283,0.9745792471702426,0.9626610470179844,780.8014497756958
0.9618669313255666,0.9682243822011029,0.9646964139425867,782.8170928955078
0.9509334604909705,0.9755943447261473,0.9645045881737191,784.9889895915985
0.9501716524665926,0.9750871191864945,0.9644420738865863,790.0046601295471
0.9575448473746326,0.9766146140948448,0.9660311941767457,795.7234637737274
0.9392368886787983,0.9755943447261473,0.9590391457096192,797.6609816551208
0.9295827950338185,0.9755943447261473,0.9583409024968478,801.7078945636749
0.9318598149111639,0.9783915196751274,0.9599907592634924,807.082946062088
0.9417872388622426,0.9687348401237511,0.9623458088663489,811.6923625469208
0.9288138757668505,0.9755943447261473,0.957099166407214,815.2548956871033
0.9458553868050505,0.9755943447261473,0.9658404189323516,818.1455476284027
0.9506801709594437,0.9766146140948448,0.9639011669161204,819.708062171936
0.9130498024884695,0.9717840116510599,0.9562433445234123,826.6768779754639
0.9552555444419045,0.9755943447261473,0.9673969891257463,829.9425325393677
0.943810969208061,0.9750871191864945,0.9603410526087142,832.6456828117371
0.9501716524665926,0.9755943447261473,0.9654891558722314,837.3644771575928
0.9552555444419045,0.9750877656630936,0.965108655907917,840.9270100593567
0.9491513830978952,0.9755943447261473,0.9650128642378455,841.6457669734955
0.9654259142989245,0.9755943447261473,0.9717822338404123,841.7082669734955
0.9501716524665926,0.9755943447261473,0.9655544176849105,844.8020484447479
0.8838161306772282,0.9755943447261473,0.9495045855878127,847.3645715713501
0.9621273320996836,0.9755943447261473,0.9676514099913217,847.442697763443
0.9272921991478921,0.9755943447261473,0.960912731865297,849.5989682674408
0.9651752106737941,0.9781388766201997,0.9713696686367825,852.6771206855774
0.903632836460039,0.9755943447261473,0.9569713903074022,855.2083957195282
0.9428003969883499,0.9755943447261473,0.9634569405210498,857.6146657466888
0.9509334604909705,0.9755943447261473,0.9660307901288712,861.802205324173
0.9534754064786264,0.9758502201640706,0.968668204548299,867.0991294384003
0.930857000410642,0.9745792471702426,0.9579920637239742,868.6460189819336
0.8784763632639931,0.9755956376793455,0.9563073133828932,873.0991857051849
0.9509334604909705,0.9755943447261473,0.9665067585249576,873.177312374115
0.9506821103892409,0.9755943447261473,0.964919900902895,877.4742269515991
0.9354265556037109,0.9781382301436006,0.9606906186677617,883.677407503128
0.9407689089233423,0.9750871191864945,0.96444296279191,884.9899210929871
0.9631424296555884,0.9755943447261473,0.9694942238608824,885.0524220466614
0.9509334604909705,0.9755956376793455,0.9676508443242975,885.0836720466614
0.9654259142989245,0.9766146140948448,0.9711162982956807,889.099335193634
0.9471218344626848,0.9755943447261473,0.9670156002561081,889.7555909156799
0.9377126261534435,0.9755943447261473,0.9669210207296599,891.0837285518646
0.931105764605975,0.9755943447261473,0.9620584338561347,898.5994246006012
0.9636464228122457,0.9755943447261473,0.9699699498282441,900.7244436740875
0.9392368886787983,0.9750871191864945,0.9648544774710662,902.0838308334351
0.9237345091277325,0.9755943447261473,0.9594204537696827,905.4744877815247
0.8805078513290008,0.9755943447261473,0.9524907579705393,908.1463873386383
0.9550029013869767,0.9776297116507495,0.9644417506482867,912.3495519161224
0.9565291033421288,0.9755943447261473,0.9673352021247875,913.2714354991913
0.9654259142989245,0.9755943447261473,0.9705115032753091,913.3026854991913
0.96491998171247,0.9771211931578985,0.9711464241051988,918.552734375
0.9377126261534435,0.9745792471702426,0.9632029237033489,919.7402474880219
0.9654259142989245,0.9755943447261473,0.9693028829494641,922.0996432304382
0.9577961974763622,0.9755943447261473,0.9657447888814299,925.2559230327606
0.9552555444419045,0.9766120281884485,0.9687005930259139,930.5684721469879
0.9552555444419045,0.9755943447261473,0.9659344327917756,931.2403528690338
0.9631424296555884,0.9755943447261473,0.9684465762082131,933.4903740882874
0.9552555444419045,0.9755943447261473,0.966951793015777,940.4279384613037
0.9537358072527433,0.9755956376793455,0.9643462822165147,941.0841944217682
0.9542398004094007,0.9768672571497725,0.9676831519923375,943.6779689788818
0.95754678680443,0.9755943447261473,0.9642194758316016,945.0529818534851
0.9509334604909705,0.9768659641965745,0.9653627535351926,947.7092568874359
0.9494091979656156,0.9750877656630936,0.9645686378427748,948.3967628479004
0.9578020157657541,0.9781388766201997,0.9699401472570257,948.4905149936676
0.9613590593093146,0.9755943447261473,0.9654271264425478,952.0374233722687
0.906944994667861,0.9761054491253947,0.9619321931382456,956.209335565567
0.9321163368256862,0.9755943447261473,0.9623108344823377,957.8812248706818
0.9623793286780122,0.9755943447261473,0.9687316077407556,958.8499863147736
0.9511945077416866,0.9755943447261473,0.9665073241919818,960.4437506198883
0.9534741135254283,0.9755943447261473,0.9680319099556361,961.1312549114227
0.9552555444419045,0.9750871191864945,0.9677775698996358,961.1937570571899
0.9135576745047214,0.9755943447261473,0.9571956045538845,965.7562999725342
0.9552555444419045,0.9750871191864945,0.9656499669262572,970.81884932518
0.9494091979656156,0.9755943447261473,0.9648543158519165,973.3813705444336
0.9377126261534435,0.9776303581273487,0.9662831907550743,974.8970105648041
0.9341523502268875,0.9791552671293026,0.9654890750626565,977.4595339298248
0.9527194167436406,0.9755943447261473,0.9648551239476655,978.8032965660095
0.9654259142989245,0.9781388766201997,0.9704476960349779,978.8657965660095
0.9361877171514896,0.9702578096959078,0.9601205556026766,980.8345663547516
0.9633944262339169,0.9755943447261473,0.9705430028476001,982.3033294677734
0.9577961974763622,0.9755943447261473,0.968763592170496,983.0064609050751
0.9613597057859138,0.9755943447261473,0.9698754511113707,983.0689613819122
0.950936692873966,0.9750877656630936,0.9637734716258834,983.7252175807953
0.9633918403275206,0.9778817082290783,0.9714959093546716,984.647102355957
0.9354265556037109,0.9783921661517265,0.9656489972113586,985.6627371311188
0.9577961974763622,0.9755943447261473,0.9697483214881581,987.4127516746521
0.9636522411016375,0.9755943447261473,0.9683200122520245,990.4127798080444
0.9232266371114806,0.9755943447261473,0.9607230879549514,992.0690462589264
0.9313629329970965,0.9781388766201997,0.9645381887949573,995.8190822601318
0.9626313252563409,0.9755943447261473,0.9684776717326297,1001.4128839969635
0.9654259142989245,0.9755943447261473,0.9693345441409049,1003.5066521167755
0.9654259142989245,0.9755943447261473,0.9703846160808209,1005.037917137146
0.933908757844347,0.9745792471702426,0.9635208285709558,1006.8348078727722
0.946105443953582,0.9781388766201997,0.9646645103224212,1014.0848762989044
0.9631391972725928,0.9755943447261473,0.9664758246196907,1015.0067596435547
0.9654259142989245,0.9755943447261473,0.9708919224300486,1015.0692603588104
0.9631391972725928,0.9791552671293026,0.9686996233110152,1017.9442868232727
0.9486448040348414,0.9801716576384054,0.9696521257702122,1023.7568416595459
0.9631424296555884,0.9750877656630936,0.9691766422315751,1025.3506062030792
0.9392368886787983,0.9755943447261473,0.9648861386625072,1025.4131076335907
0.9550009619571795,0.9755943447261473,0.9678733615697073,1029.2412674427032
0.9611070627309861,0.9755956376793455,0.9671768961675833,1029.3193929195404
0.9633918403275206,0.9682224427713055,0.9663807602357932,1031.6162900924683
0.9626313252563409,0.9755956376793455,0.968191993723488,1031.6787903308868
0.9361877171514896,0.9755943447261473,0.9649179614730978,1031.7100403308868
0.9654259142989245,0.9786448092066542,0.9710825360552928,1032.36629652977
0.9639055306331643,0.9755943447261473,0.9686054478324415,1036.1163320541382
0.9511893359288938,0.9755943447261473,0.9658397724557526,1036.803837776184
0.9639055306331643,0.9778817082290783,0.9686365433568582,1036.866338968277
0.9565265174357325,0.9778830011822763,0.9675877643701405,1040.256995677948
0.9255140006144114,0.9781388766201997,0.9600569907910701,1040.9757521152496
0.915596273812319,0.9755943447261473,0.9569419109744833,1044.7257866859436
0.9641562342582948,0.9755943447261473,0.9674608771756523,1045.9132988452911
0.9631424296555884,0.9758495736874715,0.9679687491919042,1055.304011106491
0.9623793286780122,0.9755943447261473,0.9666353427205183,1055.9758923053741
0.9618662848489675,0.9755956376793455,0.9690488661317632,1056.0383920669556
0.9654259142989245,0.9778842941354746,0.9702578905054826,1058.4759154319763
0.9577961974763622,0.9768672571497725,0.9660949206075018,1062.0696992874146
0.9654259142989245,0.9755943447261473,0.9716559931225233,1063.2572121620178
0.9448377033427495,0.9771224861110968,0.96190045113723,1067.4134981632233
0.9427991040351518,0.9781388766201997,0.9648558512338394,1068.7885112762451
0.9631424296555884,0.9755943447261473,0.9694946279087567,1069.4603927135468
0.9570369753583807,0.9755943447261473,0.9708288424758915,1072.5072956085205
0.9577961974763622,0.9755943447261473,0.9669835350167929,1072.569797039032
0.9577961974763622,0.9755943447261473,0.9657120771655155,1073.2573034763336
0.9506801709594437,0.9755943447261473,0.9634233398998115,1073.3198027610779
0.9631424296555884,0.9755943447261473,0.9690834364679002,1074.7573165893555
0.9631424296555884,0.9786473951130507,0.9700994229291287,1077.179214477539
0.9572960831792995,0.9755943447261473,0.9657453545484542,1078.101098060608
0.9422879996359044,0.9755956376793455,0.9662839988508232,1078.7886047363281
0.9506801709594437,0.9755943447261473,0.9661888536573509,1078.8354804515839
0.9427991040351518,0.9755943447261473,0.9633285987542137,1080.19486784935
0.9654259142989245,0.9783915196751274,0.9700663071653397,1080.2573685646057
0.9232266371114806,0.9755943447261473,0.9584034167839806,1082.632390499115
0.9616142882706389,0.9750871191864945,0.9683194465850002,1082.6948914527893
0.9626313252563409,0.9717807792680644,0.966476390286715,1084.7574126720428
0.9537351607761443,0.9750877656630936,0.9649182847113973,1086.3824257850647
0.9654259142989245,0.9750871191864945,0.9673971507448962,1086.3980498313904
0.9522050799613976,0.9755943447261473,0.9673656511726051,1087.0543069839478
0.9577961974763622,0.9781382301436006,0.9685079591612974,1091.2730972766876
0.9654259142989245,0.9755956376793455,0.9700663071653398,1094.4450006484985
0.9377126261534435,0.9755943447261473,0.9612618130668953,1094.4606256484985
0.9428042758479446,0.9766146140948448,0.965744061595256,1096.538770198822
0.9616142882706389,0.9766146140948448,0.9692093539474895,1096.6012711524963
0.9377126261534435,0.9771224861110968,0.9664759054292656,1096.6481459140778
0.9577961974763622,0.9755943447261473,0.9685079591612975,1096.6637711524963
0.9618682242787648,0.9687309612641566,0.9648235435657995,1097.6481573581696
0.9618662848489675,0.9755943447261473,0.967460392318203,1102.2575736045837
0.9450851745848845,0.9755943447261473,0.9645048306024437,1103.6794619560242
0.9641562342582948,0.9781388766201997,0.9689538017478658,1104.7263464927673
0.9633918403275206,0.9755943447261473,0.96965374196171,1106.0701093673706
0.9577961974763622,0.9766139676182457,0.9685088480666213,1107.773248910904
0.9577961974763622,0.9755943447261473,0.9657121579750905,1108.9607634544373
0.9651745641971949,0.9755943447261473,0.9728944160195867,1108.99201130867
0.9633918403275206,0.9755943447261473,0.9696203837691965,1109.02326130867
0.9577961974763622,0.9776297116507495,0.9709553256225052,1111.9451639652252
0.9577961974763622,0.9755943447261473,0.9685405092580621,1111.9920392036438
0.9567791604906603,0.9781388766201997,0.9649188503784216,1116.3045797348022
0.9631424296555884,0.9745811866000399,0.967334151600314,1116.3670799732208
0.9577961974763622,0.9755943447261473,0.9673961002204227,1116.4139552116394
0.9511893359288938,0.9755943447261473,0.9664120981889346,1117.3827159404755
0.9654272072521228,0.9755943447261473,0.9728305279696807,1118.7421026229858
0.9211925631400765,0.9755943447261473,0.963583019619789,1119.429608821869
0.9638971264373761,0.9755943447261473,0.9692398029953071,1120.4764938354492
0.9654259142989245,0.9791552671293026,0.9709231795736151,1120.538994550705
0.9577961974763622,0.9766146140948448,0.967713601040155,1121.6640040874481
0.9448377033427495,0.9750871191864945,0.9657458394059035,1122.78901553154
0.9506801709594437,0.9766146140948448,0.9677789436624089,1124.460905790329
0.9603413758470136,0.9755943447261473,0.9704150651286384,1124.5546565055847
0.9628852612644668,0.9781388766201997,0.9677796709485829,1124.5702810287476
0.9552555444419045,0.9674638671299232,0.9633618761371523,1128.3046915531158
0.9654259142989245,0.9755943447261473,0.9697798210604491,1128.3671922683716
0.9674638671299232,0.9768659641965745,0.9747373106987223,1128.3984417915344
0.9654259142989245,0.9755943447261473,0.9703517427457568,1128.4296925067902
0.955258130348301,0.9781388766201997,0.9692396413761573,1131.6328475475311
0.893228571369465,0.9755943447261473,0.9601829890802345,1132.2734785079956
0.8896657095365125,0.9755943447261473,0.9570683941210969,1133.9453709125519
0.9633924868041197,0.9778817082290783,0.968762945693897,1136.6485192775726
0.9577961974763622,0.9755956376793455,0.966604085576952,1138.5079119205475
0.9631391972725928,0.9755956376793455,0.9703530356989549,1140.4766805171967
0.9577961974763622,0.9768672571497725,0.968699784930165,1140.554806470871
0.8975474229374034,0.9750864727098953,0.9568785885916016,1144.2423408031464
0.9410150872122791,0.97000516664098,0.9625040340139784,1145.6329782009125
0.9577961974763622,0.9755943447261473,0.9659026099811849,1148.1017513275146
0.9534741135254283,0.9781388766201997,0.9662201108009173,1148.117375612259
0.9654259142989245,0.9755943447261473,0.9704151459382133,1148.1486263275146
0.9577961974763622,0.9755943447261473,0.966506435286658,1148.1798763275146
0.9633918403275206,0.9766139676182457,0.9706700516612379,1153.398677110672
0.9633918403275206,0.9697467052966604,0.9668252290595887,1153.4455511569977
0.9603413758470136,0.9755943447261473,0.9681916704851885,1153.4611761569977
0.9651784430567896,0.9781382301436006,0.9696223231989938,1153.4924263954163
0.9674638671299232,0.9766146140948448,0.974198100729329,1160.6331191062927
0.9600880863154868,0.9755943447261473,0.9703204047926155,1161.7581293582916
0.9306011249727186,0.9781388766201997,0.964633818845879,1162.445635318756
0.9491546154808906,0.9768659641965745,0.9661894193243751,1163.4612696170807
0.9631424296555884,0.9755956376793455,0.9682868964882356,1163.4925198554993
0.9631424296555884,0.9755943447261473,0.9677791860911336,1163.523769378662
0.9578020157657541,0.9755943447261473,0.967271718122756,1165.1487855911255
0.9577961974763622,0.9755943447261473,0.96939907866741,1165.2112872600555
0.9616142882706389,0.9755943447261473,0.969526046671473,1165.2581610679626
0.9631424296555884,0.9755943447261473,0.9674604731277778,1165.2737860679626
0.9544917969877293,0.9755943447261473,0.9682224427713055,1165.3050367832184
0.9578020157657541,0.9755943447261473,0.9684133796348493,1165.9612929821014
0.9577961974763622,0.9776303581273487,0.9681911048181643,1167.0238037109375
0.9577961974763622,0.9755943447261473,0.9659016402662862,1167.0394270420074
0.9654259142989245,0.9755956376793455,0.970829246523766,1167.0706777572632
0.9552555444419045,0.9755943447261473,0.9694624818598666,1167.1019358634949
0.9654259142989245,0.9750871191864945,0.9672066987388017,1171.2269673347473
0.9516978544217447,0.9755943447261473,0.9673333435045651,1172.8519823551178
0.9654259142989245,0.9755943447261473,0.9695262082906227,1172.8676068782806
0.9616142882706389,0.974072668107189,0.9668250674404388,1172.8988573551178
0.9509334604909705,0.9755943447261473,0.9668243401542649,1172.9301075935364
0.9633918403275206,0.9753436411010168,0.9680016225269683,1172.9613573551178
0.9633918403275206,0.9755943447261473,0.9680962020534165,1172.992607831955
0.9633918403275206,0.9755943447261473,0.9682861692020617,1173.6644904613495
0.9654259142989245,0.9755943447261473,0.9712102313455298,1173.7269904613495
0.9654259142989245,0.9755943447261473,0.9708601804290329,1173.7582404613495
0.9631424296555884,0.9755943447261473,0.9718777022721843,1173.789490699768
0.9272921991478921,0.9755943447261473,0.9610745126342214,1175.5551323890686
0.9654259142989245,0.9755943447261473,0.9695895306735045,1175.5863826274872
0.937461276051714,0.9755943447261473,0.9635835852868132,1176.2426388263702
0.9577961974763622,0.9755943447261473,0.9691762381837007,1177.258273601532
0.9618662848489675,0.9781382301436006,0.9693994019057096,1177.2895231246948
0.9654259142989245,0.9702578096959078,0.9668881473945958,1177.3051481246948
0.9577961974763622,0.9755943447261473,0.968127378387408,1177.3363988399506
0.9501697130367954,0.9755943447261473,0.9693974624759122,1177.9926552772522
0.9577961974763622,0.9755943447261473,0.9671432955463451,1178.0551557540894
0.9626313252563409,0.9755943447261473,0.9690176089881969,1178.0864055156708
0.9618662848489675,0.9776303581273487,0.9687949301236374,1178.9614145755768
0.9618662848489675,0.9755943447261473,0.9700030655920329,1179.898922920227
0.9654272072521228,0.9781388766201997,0.9711151669616324,1179.99267411232
0.9529701203687709,0.9745792471702426,0.9636787304802856,1181.6489415168762
0.9631424296555884,0.9755943447261473,0.9688911258415832,1181.680189371109
0.9577961974763622,0.9750871191864945,0.9684145109688977,1181.7114391326904
0.9532201775173024,0.9781388766201997,0.9665062736675083,1183.4458329677582
0.9649186887592718,0.9755943447261473,0.9718765709381357,1183.4614555835724
0.9631424296555884,0.9755943447261473,0.9701302760248205,1183.492705821991
0.9402519862347031,0.9750871191864945,0.9623126122929853,1183.5239560604095
0.9577961974763622,0.9755943447261473,0.9676202336573301,1189.6177637577057
0.9577961974763622,0.9755943447261473,0.9693032869973386,1189.6490132808685
0.9631424296555884,0.9745792471702426,0.9676215266105284,1189.6646382808685
0.9577961974763622,0.9750877656630936,0.9645055578886178,1189.6958887577057
0.9603413758470136,0.9755956376793455,0.9667938102968724,1189.7271387577057
0.9654259142989245,0.9755943447261473,0.9706692435654891,1189.75838971138
0.9631424296555884,0.9750871191864945,0.9662233431839128,1189.7896394729614
0.9577961974763622,0.9755943447261473,0.9682857651541872,1189.80526471138
0.9654259142989245,0.9766146140948448,0.9687329006939538,1189.8521404266357
0.9577961974763622,0.9755943447261473,0.9657434959282317,1189.883390903473
0.9577961974763622,0.9755943447261473,0.9702562743139849,1189.914645910263
0.9196618358487307,0.9755943447261473,0.9612630252105187,1190.5708973407745
0.9577961974763622,0.9766139676182457,0.9680009760503694,1190.664648771286
0.9654259142989245,0.9781388766201997,0.9679999255258958,1190.6958985328674
0.9651745641971949,0.9755943447261473,0.9684154806837963,1190.7271482944489
0.95754678680443,0.9755943447261473,0.9660937084638785,1192.0552864074707
0.9552555444419045,0.9755943447261473,0.9678102008059752,1192.1177883148193
0.9654259142989245,0.9766146140948448,0.973815822954367,1192.1646625995636
0.9501716524665926,0.9750877656630936,0.9660943549404777,1192.1959118843079
0.9506801709594437,0.9781388766201997,0.9714964750216957,1192.2271630764008
0.9578020157657541,0.9766146140948448,0.9670805388304876,1192.2427880764008
0.9628852612644668,0.9755943447261473,0.970161452358812,1192.2740380764008
0.9633918403275206,0.9781388766201997,0.9680647024811255,1192.3209128379822
0.9577961974763622,0.9766139676182457,0.9676505210859979,1192.3521637916565
0.9641562342582948,0.9781388766201997,0.9684787222571032,1192.383413553238
0.9394940570699197,0.9755943447261473,0.9659677101747142,1195.1646904945374
0.9641562342582948,0.9755943447261473,0.9711779236774898,1195.1803152561188
0.9496637804503407,0.9750871191864945,0.9641881378784602,1196.0709490776062
0.9613597057859138,0.9781388766201997,0.9694948703374815,1196.1490755081177
0.9631391972725928,0.9766146140948448,0.9696857263914503,1196.1803243160248
0.9633918403275206,0.9755956376793455,0.9669206166817856,1196.2115743160248
0.8889039015121346,0.9755943447261473,0.9608498943398646,1196.8834564685822
0.9481362855419904,0.9755943447261473,0.9646632173692229,1198.570972442627
0.9631391972725928,0.9755943447261473,0.9681921553426378,1199.5866067409515
0.9616142882706389,0.9755943447261473,0.9686997041205901,1199.6491084098816
0.9631424296555884,0.9776303581273487,0.9694638556226397,1199.6959819793701
0.8995743856662174,0.9745792471702426,0.9607545875272425,1201.2428722381592
0.9600842074558922,0.9755943447261473,0.9671734213558631,1201.9616289138794
0.9654259142989245,0.9773757756426236,0.9692083842325909,1206.633546590805
0.9577961974763622,0.9755943447261473,0.9687310420737314,1206.6647973060608
0.9631424296555884,0.9755943447261473,0.9720682350878536,1206.6960475444794
0.9318598149111639,0.9766146140948448,0.9617708164171956,1208.2116868495941
0.9494091979656156,0.9755943447261473,0.9664746124760675,1208.2429366111755
0.9577961974763622,0.9766146140948448,0.969081416228528,1209.2116968631744
0.9577961974763622,0.9755943447261473,0.9697808715849228,1209.2429463863373
0.9560199383726788,0.9755943447261473,0.9673023287897233,1209.2585713863373
0.9603413758470136,0.9755943447261473,0.9660945165596274,1209.9148287773132
0.9509334604909705,0.9755943447261473,0.9668561629648554,1209.9773285388947
0.9577961974763622,0.9781382301436006,0.9681585547213996,1214.0086159706116
0.9577961974763622,0.9755943447261473,0.9669206974913604,1214.0554914474487
0.9628852612644668,0.9753417016712196,0.9671117151644792,1214.1023666858673
0.9578020157657541,0.9745792471702426,0.9656817897368478,1215.0711271762848
0.9654259142989245,0.9755943447261473,0.9699386926846776,1215.102375984192
0.9654259142989245,0.9755943447261473,0.9698116438710398,1215.1336257457733
0.9654278537287219,0.9755956376793455,0.9721315574707352,1215.1648762226105
0.9626313252563409,0.9674638671299232,0.964791639945634,1215.1961271762848
0.9641562342582948,0.9755943447261473,0.972163299471751,1215.2117519378662
0.9509315210611733,0.9755943447261473,0.9676191023232817,1215.883633852005
0.9577961974763622,0.9755943447261473,0.9693662053323459,1215.9461348056793
0.9631391972725928,0.9755943447261473,0.9689226254138743,1215.9930093288422
0.9651752106737941,0.9755943447261473,0.9702896325064984,1216.024260044098
0.9577961974763622,0.9781388766201997,0.96777813556666,1216.680516242981
0.9577961974763622,0.9781382301436006,0.9667295990086668,1216.758642911911
0.9633918403275206,0.9755943447261473,0.9684771868751804,1217.6336500644684
0.9631391972725928,0.9755943447261473,0.968572816926102,1217.7117762565613
0.9552555444419045,0.9755943447261473,0.9688907217937088,1217.7430260181427
0.9654278537287219,0.9755943447261473,0.970765439283435,1220.9149315357208
0.9636470692888447,0.974072668107189,0.9673650855055809,1221.9305641651154
0.9633918403275206,0.9755943447261473,0.9693995635248593,1221.9618153572083
0.9654259142989245,0.9755956376793455,0.9712742810145856,1221.9930653572083
0.9222070142193821,0.9755943447261473,0.9646644295128463,1222.6024470329285
0.9300900205734712,0.9666962408161535,0.9605640547115732,1224.1805865764618
0.9577961974763622,0.9755943447261473,0.9661889344669257,1224.2430865764618
0.9577961974763622,0.9755943447261473,0.9684134604444242,1224.2899622917175
0.9577961974763622,0.9745792471702426,0.9654260759180744,1224.321212053299
0.9603413758470136,0.9776303581273487,0.9693039334739377,1224.3524627685547
0.9603413758470136,0.9755943447261473,0.9711774388200405,1224.3837118148804
0.9577961974763622,0.9725458196754377,0.9646627325117736,1224.4149627685547
0.957038268311579,0.9781388766201997,0.9691763189932756,1224.4618382453918
0.9654259142989245,0.9755943447261473,0.9675243611776838,1224.4930891990662
0.9631424296555884,0.9776290651741504,0.9689551755106389,1225.4618484973907
0.9377126261534435,0.9755943447261473,0.9658390451695785,1225.4930975437164
0.9552555444419045,0.9755943447261473,0.9674288927459119,1225.5243482589722
0.9641562342582948,0.9781388766201997,0.9721003003271689,1225.5555987358093
0.9577961974763622,0.9755956376793455,0.9682871389169603,1225.5868484973907
0.9054284898616953,0.9755943447261473,0.9560830183268357,1226.9149870872498
0.9633918403275206,0.9755943447261473,0.9687001889780394,1226.9931118488312
0.9028813720612466,0.9776303581273487,0.9625659018245121,1229.6650130748749
0.9631424296555884,0.9755956376793455,0.969939824018726,1229.7431383132935
0.9639035912033671,0.9697467052966604,0.9665074858111316,1230.7275221347809
0.9577961974763622,0.9755943447261473,0.9679055076185974,1230.7743973731995
0.9631417831789892,0.9725458196754377,0.9654592724914381,1231.5400297641754
0.9633918403275206,0.9755943447261473,0.9704149035094887,1231.6025309562683
0.9613635846455084,0.9725458196754377,0.9653970814426047,1232.6025397777557
0.9616142882706389,0.9748331831783685,0.9676515716104714,1233.6181750297546
0.9616142882706389,0.9702578096959078,0.9650126218091208,1233.6494240760803
0.9527194167436406,0.9738154997160675,0.9651421757195802,1233.6650488376617
0.9387322490455419,0.9755956376793455,0.963551439237923,1234.3369309902191
0.9646679851341413,0.9791552671293026,0.971592347501342,1234.3994314670563
0.9577961974763622,0.9755943447261473,0.9659980784129568,1234.4306807518005
0.9626313252563409,0.9781388766201997,0.9694314671450248,1234.4619319438934
0.9509334604909705,0.9753436411010168,0.9687950109332122,1234.493182182312
0.9611070627309861,0.9755943447261473,0.9693670942376695,1234.524432182312
0.9651745641971949,0.9755943447261473,0.9706391985655459,1235.1963138580322
0.9633918403275206,0.9768672571497725,0.9674922959383685,1235.2588138580322
0.955512712833026,0.9755943447261473,0.9677146515646285,1236.227575302124
0.9501703595133945,0.9725464661520369,0.9640286197776329,1237.21195936203
0.9631417831789892,0.9755943447261473,0.9693687104291674,1237.2432069778442
0.9577961974763622,0.9755943447261473,0.9689546906531896,1237.2744574546814
0.9641562342582948,0.9755943447261473,0.9707026017580026,1237.3057079315186
0.9577961974763622,0.9768672571497725,0.9707006623282053,1237.3369586467743
0.9654259142989245,0.9755943447261473,0.9696208686266458,1237.3682086467743
0.9633918403275206,0.9750871191864945,0.9694624818598666,1237.3994584083557
0.9641562342582948,0.9755943447261473,0.970638390469797,1237.43070936203
0.9654259142989245,0.9778842941354746,0.9694950319566313,1237.4619598388672
0.9577961974763622,0.9755943447261473,0.9698426585858815,1237.4932096004486
0.9577961974763622,0.9755943447261473,0.9683502996806923,1238.165091753006
0.9631424296555884,0.9755956376793455,0.9689549330819143,1238.2275922298431
0.9654259142989245,0.9755943447261473,0.9695577078629138,1238.258841753006
0.9633918403275206,0.9781388766201997,0.9682865732499362,1238.2900922298431
0.9661903082296988,0.9766139676182457,0.9700674384993881,1245.8214130401611
0.9631424296555884,0.9755943447261473,0.9692411767580802,1245.8839128017426
0.9631391972725928,0.9755943447261473,0.9671748759282112,1245.9151637554169
0.9501697130367954,0.9781388766201997,0.9644727653631285,1245.9620387554169
0.9659376651747711,0.9755943447261473,0.9695259658618981,1245.993289232254
0.9654259142989245,0.9755943447261473,0.9690823051338516,1246.0245394706726
0.9638971264373761,0.9788987452147802,0.9718768133668605,1248.462063550949
0.9633918403275206,0.9781388766201997,0.9732755624605003,1248.5089378356934
0.9626313252563409,0.9755943447261473,0.9677789436624089,1249.7277014255524
0.9631391972725928,0.9750871191864945,0.9671754415952353,1249.7589495182037
0.9654259142989245,0.9755943447261473,0.9694302550014016,1249.7901992797852
0.9639055306331643,0.9753417016712196,0.968097333387465,1249.821449995041
0.9577961974763622,0.9750877656630936,0.9670803772113379,1250.790210723877
0.9654259142989245,0.9755943447261473,0.9703525508415056,1250.8370852470398
0.9633918403275206,0.9755956376793455,0.9707333740441197,1250.8683350086212
0.9494091979656156,0.9766146140948448,0.9660299820331223,1250.8995847702026
0.9552555444419045,0.9776297116507495,0.9676829903731876,1251.5402164459229
0.9616142882706389,0.9755943447261473,0.967619587180731,1251.6495928764343
0.9577961974763622,0.9750877656630936,0.9666022269567295,1251.6808423995972
0.9654272072521228,0.9755943447261473,0.9701298719769461,1251.7120921611786
0.9552555444419045,0.9730517522618922,0.96596714450769,1251.7433426380157
0.9524596624461226,0.9755943447261473,0.9662223734690141,1253.383983373642
0.9509315210611733,0.9745792471702426,0.9657764500728708,1253.4621095657349
0.9631424296555884,0.9755943447261473,0.9697811948232222,1253.5089845657349
0.9392439999213884,0.9755943447261473,0.9649505115698623,1254.3839938640594
0.9611070627309861,0.9750877656630936,0.9674291351746367,1255.1027500629425
0.9621273320996836,0.9755943447261473,0.9664755821909661,1255.1965010166168
0.9578020157657541,0.9755943447261473,0.969050401513686,1255.2277505397797
0.9534741135254283,0.9750871191864945,0.9654911761116036,1255.259000301361
0.9611070627309861,0.9750871191864945,0.9680334453375591,1255.2902512550354
0.9577961974763622,0.9781388766201997,0.9657129660708395,1255.3371262550354
0.9577961974763622,0.9755943447261473,0.968636704976008,1255.3683767318726
0.9341523502268875,0.9755943447261473,0.9651724631482479,1255.3996269702911
0.9577961974763622,0.9755943447261473,0.9651711701950497,1255.4308824539185
0.9440707235055789,0.9766146140948448,0.9635837469059629,1255.4777524471283
0.9633918403275206,0.9766146140948448,0.9693997251440091,1255.4933779239655
0.9341523502268875,0.9755943447261473,0.9646959290851373,1255.5402538776398
0.9651752106737941,0.9755943447261473,0.9698444363965291,1255.5715038776398
0.960090025745284,0.9776297116507495,0.9688592222214176,1256.4152624607086
0.9577961974763622,0.9755956376793455,0.967651894848771,1256.4777631759644
0.9641562342582948,0.9755943447261473,0.969462158621567,1257.7121493816376
0.9654259142989245,0.9766146140948448,0.9692402878527564,1258.352780342102
0.9654259142989245,0.9758508666406697,0.9712107162029792,1259.3371646404266
0.9631424296555884,0.9755956376793455,0.9714960709738213,1259.3684136867523
0.9651745641971949,0.9755943447261473,0.9707339397111439,1259.399664402008
0.9654259142989245,0.9755943447261473,0.9710829401031673,1259.4309146404266
0.9654259142989245,0.9755956376793455,0.9701616947875367,1260.1027963161469
0.9577961974763622,0.9755943447261473,0.9656498053071074,1260.1809215545654
0.9631424296555884,0.9755956376793455,0.9690501590849615,1260.2121715545654
0.9473751239942118,0.9758508666406697,0.967619667990306,1261.2278068065643
0.9654259142989245,0.9755943447261473,0.9719414287029403,1261.2434310913086
0.9641536483518984,0.9766146140948448,0.9685098985910947,1261.274682044983
0.9654259142989245,0.9750871191864945,0.9685745139271746,1261.3059322834015
0.9577961974763622,0.9755943447261473,0.9677463127560694,1261.9934394359589
0.9654259142989245,0.9755943447261473,0.9712744426337353,1262.0246896743774
0.9631391972725928,0.9755943447261473,0.9693345441409049,1262.0559389591217
0.9552555444419045,0.9730517522618922,0.9623748033418185,1262.0871891975403
0.955258130348301,0.9755943447261473,0.9681592820075735,1262.1184396743774
0.9519511439532716,0.9755943447261473,0.9678723110452336,1263.1028263568878
0.9641562342582948,0.9755943447261473,0.9692078993751415,1263.134073972702
0.9651713318141995,0.9755943447261473,0.9704157116052375,1263.1809494495392
0.9603413758470136,0.9755943447261473,0.9695255618140236,1263.212200164795
0.9257718154821319,0.9750871191864945,0.9596764100171808,1264.8528413772583
0.9654259142989245,0.9781388766201997,0.9721957687589408,1264.9309673309326
0.9631391972725928,0.9781388766201997,0.9691766422315752,1264.9778413772583
0.9633918403275206,0.9753417016712196,0.9668568902510295,1265.0090916156769
0.9603413758470136,0.9783915196751274,0.9694946279087568,1265.0403425693512
0.9577961974763622,0.9755943447261473,0.9666976953885014,1265.0715918540955
0.9654259142989245,0.9806808226078556,0.9705431644667499,1268.1341207027435
0.9578020157657541,0.9776290651741504,0.9669839390646673,1270.774770975113
0.9577961974763622,0.9766146140948448,0.966920374253061,1270.8372721672058
0.9577961974763622,0.9755943447261473,0.9707334548536946,1270.8841466903687
0.9641562342582948,0.9781388766201997,0.9687962230768354,1270.9153971672058
0.9552555444419045,0.9781388766201997,0.9641874105922863,1270.94664645195
0.9631391972725928,0.9702578096959078,0.9660634210352108,1270.9778974056244
0.9577961974763622,0.9755956376793455,0.9674276806022887,1271.0091478824615
0.9633918403275206,0.9755943447261473,0.9695577886724888,1271.0403978824615
0.9565271639123316,0.9781388766201997,0.9696529338659611,1271.071647644043
0.9577961974763622,0.9763593851335206,0.9700667112132142,1271.7435297966003
0.9639055306331643,0.9766146140948448,0.9694638556226398,1271.8216557502747
0.9529720597985682,0.9755943447261473,0.9696212726745203,1272.6810393333435
0.9641562342582948,0.9781388766201997,0.9698770673028686,1272.759164571762
0.9578020157657541,0.97000516664098,0.965746243453778,1272.790414094925
0.9603413758470136,0.9781388766201997,0.9687635113609212,1273.7591760158539
0.9616142882706389,0.9755943447261473,0.9705434877050494,1275.30606508255
0.9654278537287219,0.9755943447261473,0.9693998867631589,1275.3373131752014
0.9621273320996836,0.9755956376793455,0.9700981299759304,1275.3685636520386
0.9494091979656156,0.9755943447261473,0.9653629959639173,1275.39981341362
0.9659376651747711,0.9753417016712196,0.9688268337438029,1275.4310641288757
0.9641562342582948,0.9781388766201997,0.9709251998129873,1275.4623143672943
0.9577961974763622,0.9766146140948448,0.9695582735299381,1275.4935643672943
0.9565265174357325,0.9755943447261473,0.9678419428069911,1275.524814605713
0.9626313252563409,0.9755943447261473,0.9665076474302814,1276.2904472351074
0.9361877171514896,0.9755943447261473,0.9645675873183013,1276.3685727119446
0.9631424296555884,0.9776303581273487,0.9694314671450248,1276.3998227119446
0.9577961974763622,0.9755943447261473,0.9650454143346101,1280.7123639583588
0.9631391972725928,0.9755943447261473,0.9688899945075348,1280.7904891967773
0.9633918403275206,0.9755956376793455,0.9725451731988386,1280.8373646736145
0.9631424296555884,0.9778817082290783,0.9706702940899626,1280.8686141967773
0.9577961974763622,0.9766146140948448,0.9664437593803754,1280.8998646736145
0.9631424296555884,0.9755943447261473,0.9679378152866374,1280.9467487335205
0.958557359024141,0.9755943447261473,0.965680900831524,1280.9779913425446
0.957038268311579,0.9750871191864945,0.9647918015647837,1281.009241104126
0.9577961974763622,0.9755943447261473,0.9663476444720045,1281.0404920578003
0.9577961974763622,0.9753436411010168,0.966793406248998,1281.0717415809631
0.9654259142989245,0.9766146140948448,0.9708617158109557,1282.290503501892
0.9577961974763622,0.9755943447261473,0.9690814970381028,1282.3217527866364
0.9458540938518524,0.9755943447261473,0.9666363124354169,1282.9936347007751
0.9511893359288938,0.9755943447261473,0.9669512273487529,1283.0561351776123
0.9593243388613116,0.9766146140948448,0.9652679315800199,1283.0873851776123
0.9654259142989245,0.9776303581273487,0.9687319309790552,1283.118635892868
0.9577961974763622,0.9755943447261473,0.9704149035094887,1283.1498856544495
0.9631424296555884,0.9776303581273487,0.9700674384993881,1283.1811361312866
0.9578020157657541,0.9755956376793455,0.9706064868496316,1283.2123863697052
0.955258130348301,0.9755943447261473,0.96615719246591,1283.259262084961
0.9270330913269733,0.9755943447261473,0.962725177496615,1283.9155192375183
0.9641562342582948,0.9755943447261473,0.96962143429367,1285.821788072586
0.9654259142989245,0.9702578096959078,0.9667312152001647,1285.8530359268188
0.9577961974763622,0.9755943447261473,0.971590973738569,1285.8842861652374
0.9631424296555884,0.9778817082290783,0.9703209704596396,1286.649920463562
0.9577961974763622,0.9781388766201997,0.9681910240085894,1286.7124199867249
0.9578020157657541,0.9755943447261473,0.9672058098334779,1287.8686804771423
0.9631424296555884,0.9745792471702426,0.9672083149302995,1287.9624319076538
0.9578020157657541,0.9755943447261473,0.9664759054292655,1288.0249316692352
0.9578020157657541,0.9755943447261473,0.9689868367020797,1288.056181192398
0.9631424296555884,0.9755943447261473,0.970417489415885,1288.0874319076538
0.9633918403275206,0.9745792471702426,0.9680969293395906,1288.1186821460724
0.9577961974763622,0.9702578096959078,0.9653954652511071,1288.1655578613281
0.9654259142989245,0.9755943447261473,0.9699395007804266,1288.196816444397
0.9534741135254283,0.9702578096959078,0.9640287813967825,1288.2280580997467
0.9577961974763622,0.9755943447261473,0.9683170222977536,1288.2593080997467
0.9577961974763622,0.9768672571497725,0.9666352619109435,1288.2905588150024
0.9623799751546114,0.9755943447261473,0.9690500782753866,1288.3374345302582
0.9578020157657541,0.9755943447261473,0.9693351906175041,1288.3686842918396
0.9633918403275206,0.9755943447261473,0.9693042567122372,1288.415560245514
0.9420411748703685,0.9755943447261473,0.963806102532223,1289.071816444397
0.9608570055824548,0.9781388766201997,0.9698450020635533,1289.1343169212341
0.923985859229462,0.9781388766201997,0.9629787902664414,1289.9937000274658
0.9577961974763622,0.9750871191864945,0.9672702635504081,1290.0718257427216
0.9613609987391121,0.9781388766201997,0.9702578905054826,1291.243712425232
0.943810969208061,0.9755943447261473,0.961358170403991,1292.3843476772308
0.9621273320996836,0.9755943447261473,0.9678427509027399,1293.5249843597412
0.9438226057868447,0.9755956376793455,0.9654271264425478,1293.6031081676483
0.9618662848489675,0.9755943447261473,0.9684451216358652,1293.6343593597412
0.9577961974763622,0.9781388766201997,0.9690498358466619,1298.1812765598297
0.9654259142989245,0.9755943447261473,0.9694951127662061,1298.2125265598297
0.9577961974763622,0.9755943447261473,0.9637735524354584,1298.2437765598297
0.9654259142989245,0.9755956376793455,0.9720364122772629,1298.2750270366669
0.9631391972725928,0.9745792471702426,0.9669836158263677,1298.306277513504
0.9654259142989245,0.9755943447261473,0.9699393391612767,1298.3375277519226
0.9616142882706389,0.9755943447261473,0.9673641966002571,1298.3687782287598
0.9641555877816956,0.9755943447261473,0.96958912662563,1298.4000279903412
0.9631424296555884,0.9768672571497725,0.9706705365186873,1298.431278705597
0.9631391972725928,0.9750877656630936,0.967429539222511,1298.478153705597
0.9623799751546114,0.9755943447261473,0.9679063965239212,1298.5094039440155
0.9577961974763622,0.9755943447261473,0.9661582429903834,1298.540654182434
0.9578020157657541,0.9781388766201997,0.9684132988252744,1298.571904182434
0.966191601182897,0.9755956376793455,0.9721005427558935,1298.6187798976898
0.9633918403275206,0.9674638671299232,0.9656814664985482,1298.6500306129456
0.9578020157657541,0.9755943447261473,0.9703208896500648,1299.8531687259674
0.9661877223233024,0.9781388766201997,0.9712103121551048,1299.884417295456
0.9654259142989245,0.9783921661517265,0.9726398335348616,1299.915667295456
0.9639055306331643,0.9755943447261473,0.9680653489577246,1299.9469170570374
0.9577961974763622,0.9755943447261473,0.9697793362029998,1299.978167772293
0.9633918403275206,0.9781388766201997,0.9702570824097339,1300.0094180107117
0.903632836460039,0.9755943447261473,0.9601816153174614,1300.6812999248505
0.9654259142989245,0.9755943447261473,0.9708932961928217,1300.7125499248505
0.9577961974763622,0.9755943447261473,0.9682865732499361,1300.743800163269
0.9641562342582948,0.9755943447261473,0.9687637537896457,1300.7906754016876
0.9654259142989245,0.9766120281884485,0.9721007043750434,1301.6656851768494
0.9618662848489675,0.9776303581273487,0.9706060019921823,1301.7281849384308
0.9654278537287219,0.9755943447261473,0.9677476865188425,1301.7750597000122
0.9618662848489675,0.9738174391458647,0.9659347560300751,1301.8219351768494
0.9654272072521228,0.9766146140948448,0.9719091210349005,1301.8531856536865
0.9577961974763622,0.9702578096959078,0.9656500477358321,1301.8844356536865
0.9661877223233024,0.9755943447261473,0.9700978067376308,1301.9156856536865
0.9326313200845281,0.9781388766201997,0.9665708081940133,1302.9000706672668
0.9422879996359044,0.9755943447261473,0.9657447080718551,1302.9781968593597
0.9616142882706389,0.9778817082290783,0.96943138633545,1303.009446144104
0.9616142882706389,0.9755956376793455,0.9684771868751803,1303.0406968593597
0.9654259142989245,0.9755943447261473,0.9700344035451742,1303.071946144104
0.9631424296555884,0.9768672571497725,0.9684461721603386,1303.1031968593597
0.9603413758470136,0.9781388766201997,0.967938057715362,1303.134447336197
0.9631424296555884,0.9755943447261473,0.967905750047322,1303.1656975746155
0.9522050799613976,0.9755943447261473,0.968667477262125,1303.1969549655914
0.953230521142888,0.9755943447261473,0.9696858072010253,1304.3219604492188
0.9552555444419045,0.9755943447261473,0.9666346962439192,1304.3532085418701
0.9603413758470136,0.9755943447261473,0.9698748854443466,1304.3844585418701
0.9577961974763622,0.9755943447261473,0.9666976145789266,1304.4157090187073
0.9600880863154868,0.9750877656630936,0.9657449505005797,1304.446959733963
0.9641562342582948,0.9755943447261473,0.9702565975522843,1304.4782099723816
0.9577961974763622,0.9755943447261473,0.9684451216358649,1304.5094599723816
0.9565265174357325,0.9745792471702426,0.9652365128173036,1305.509470462799
0.9603413758470136,0.9755943447261473,0.9665388237642729,1305.5407197475433
0.9577961974763622,0.9750877656630936,0.9656492396400833,1305.571970462799
0.9631424296555884,0.9750877656630936,0.9693062769516094,1305.603220462799
0.9661877223233024,0.9776303581273487,0.9720997346601447,1305.634470462799
0.9631424296555884,0.9755943447261473,0.9675570728935983,1306.2907271385193
0.9082243718574772,0.9755943447261473,0.9609775896301016,1307.1969859600067
0.9654259142989245,0.9755943447261473,0.9685086056378965,1307.2594857215881
0.9577961974763622,0.969242065663404,0.9646634597979475,1307.2907357215881
0.9633918403275206,0.9755943447261473,0.9668253098691635,1308.4157490730286
0.9577961974763622,0.9755943447261473,0.9685402668293375,1308.4469969272614
0.9577961974763622,0.9781388766201997,0.9703835655563474,1308.47824716568
0.9578020157657541,0.9776303581273487,0.9657768541207452,1308.5094974040985
0.9654272072521228,0.9781388766201997,0.9743560834482337,1308.540747642517
0.9633918403275206,0.9755943447261473,0.9677467976135187,1308.5719981193542
0.9616142882706389,0.9755956376793455,0.9715600398333022,1308.6032481193542
0.9633918403275206,0.9781388766201997,0.9699084860655848,1308.6344985961914
0.9616142882706389,0.9755943447261473,0.9662536306125805,1308.68137550354
0.9631424296555884,0.9755943447261473,0.969589934721379,1308.7126243114471
0.9577961974763622,0.9755943447261473,0.966698745912975,1308.7594997882843
0.9585651167433302,0.9750871191864945,0.9664753397622414,1309.6501336097717
0.9631424296555884,0.9755943447261473,0.967588006798865,1309.728259563446
0.9577961974763622,0.9781388766201997,0.9711776004391903,1309.759509086609
0.9217023745861257,0.9755943447261473,0.9656175784486423,1310.4001412391663
0.9577961974763622,0.9755943447261473,0.9678408114729427,1310.4938929080963
0.960090025745284,0.9755956376793455,0.9698443555869543,1310.540766954422
0.9603413758470136,0.9755943447261473,0.9684140261114484,1310.5720164775848
0.9603413758470136,0.9750877656630936,0.9678741696654561,1311.2438983917236
0.9354265556037109,0.9755943447261473,0.9658388835504288,1311.3063991069794
0.9483986257459047,0.9755943447261473,0.9659366954598725,1312.4001595973969
0.9618682242787648,0.9755956376793455,0.9710825360552928,1312.4939103126526
0.9631391972725928,0.974072668107189,0.967779590139008,1312.5407853126526
0.9628846147878678,0.9755943447261473,0.9701929519311032,1313.4314188957214
0.9659376651747711,0.9781388766201997,0.9708612309535064,1314.1345505714417
0.9623799751546114,0.9755943447261473,0.9693988362386854,1314.212676525116
0.9603413758470136,0.9766146140948448,0.9688592222214177,1314.2439260482788
0.9654272072521228,0.9766146140948448,0.9726399143444364,1314.2751762866974
0.9631424296555884,0.9755943447261473,0.9723224135247042,1314.3064267635345
0.9633918403275206,0.9781388766201997,0.9706394409942707,1314.353301525116
0.9577961974763622,0.9755943447261473,0.9677790244719837,1314.3845522403717
0.9654259142989245,0.9750877656630936,0.96946369400349,1314.4314279556274
0.9654259142989245,0.9781388766201997,0.9708294889524907,1314.4626786708832
0.9641601131178894,0.9781388766201997,0.9712119283466024,1315.3376870155334
0.9628852612644668,0.9755943447261473,0.968191993723488,1315.400187253952
0.9577961974763622,0.9755943447261473,0.9669521162540767,1315.4314367771149
0.9631424296555884,0.9753417016712196,0.9682554777255195,1315.4626877307892
0.9476322923853331,0.9755943447261473,0.965172382338673,1316.4470720291138
0.9577961974763622,0.9755943447261473,0.969843062633756,1316.4939477443695
0.9577961974763622,0.9755956376793455,0.9662854534231712,1316.540822505951
0.9631424296555884,0.9745792471702426,0.9680970909587403,1316.5720727443695
0.9618662848489675,0.9755943447261473,0.9687960614576858,1316.6033236980438
0.9577961974763622,0.9781388766201997,0.9683183960605267,1316.6345734596252
0.9641562342582948,0.9766146140948448,0.9705436493241992,1316.6658234596252
0.9631424296555884,0.9755943447261473,0.9692408535197806,1316.6970736980438
0.9603413758470136,0.9755943447261473,0.9675246844159833,1316.7439494132996
0.9654259142989245,0.9750871191864945,0.9686687702153232,1316.7751994132996
0.9631424296555884,0.9755956376793455,0.969494466289607,1316.8220746517181
0.9631424296555884,0.9755943447261473,0.9702574056480333,1316.8533251285553
0.9631391972725928,0.9755943447261473,0.9687946876949127,1316.884575843811
0.9631391972725928,0.9755956376793455,0.9690179322264963,1316.9158263206482
0.9639055306331643,0.9755943447261473,0.9704802461317426,1316.9470767974854
0.9639055306331643,0.9783915196751274,0.9683508653477165,1316.993952035904
0.9577961974763622,0.9674638671299232,0.9653314155820513,1317.025202035904
0.9448377033427495,0.9755943447261473,0.9643777817888058,1317.0564517974854
0.9633918403275206,0.9755943447261473,0.9681279440544323,1318.0408384799957
0.9534741135254283,0.9755943447261473,0.9651401554802079,1318.072086572647
0.9623793286780122,0.9755943447261473,0.9688593030309925,1318.1033375263214
0.9608570055824548,0.9776297116507495,0.9689872407499542,1318.13458776474
0.9422879996359044,0.9745792471702426,0.9629791943143159,1318.1658372879028
0.9654259142989245,0.9755943447261473,0.971306265444326,1318.19708776474
0.9654259142989245,0.9755943447261473,0.9687954149810867,1318.2283380031586
0.9618662848489675,0.9755943447261473,0.9672063755005023,1318.259593963623
0.9577961974763622,0.9755943447261473,0.9696207878170708,1318.3064639568329
0.9603413758470136,0.9755943447261473,0.9723532666203961,1318.33771443367
0.954495675847324,0.9781388766201997,0.9665400359078963,1319.212723016739
0.9631424296555884,0.9781388766201997,0.9713701534942318,1319.322098493576
0.9654259142989245,0.9766146140948448,0.9706381480410724,1319.3533489704132
0.9577961974763622,0.9755943447261473,0.9671101797825563,1319.3845989704132
0.9661877223233024,0.9755943447261473,0.9702559510756854,1319.4158492088318
0.9654259142989245,0.9755943447261473,0.9700666304036394,1319.4471044540405
0.9654272072521228,0.9755943447261473,0.9726084955817202,1319.478350162506
0.9577961974763622,0.9768659641965745,0.9680322331939357,1319.525225162506
0.9633918403275206,0.9755956376793455,0.9673654087438804,1319.5564758777618
0.9476322923853331,0.9750871191864945,0.9654591108722883,1319.5877258777618
0.9577961974763622,0.9755956376793455,0.965680900831524,1319.6189758777618
0.9577961974763622,0.9750871191864945,0.9659999370331793,1319.6658518314362
0.9577961974763622,0.9781388766201997,0.969175995754976,1319.7127265930176
0.9577961974763622,0.9755956376793455,0.9709556488608048,1319.743977546692
0.9577961974763622,0.9755956376793455,0.9683828497774569,1319.7752277851105
0.9631424296555884,0.9766146140948448,0.9722596568088466,1319.8064770698547
0.9577961974763622,0.9755956376793455,0.9694943046704572,1319.8377282619476
0.9577961974763622,0.9750871191864945,0.9667938102968724,1319.8689789772034
0.9633918403275206,0.9755943447261473,0.9693032869973386,1319.9158539772034
0.9639055306331643,0.9781388766201997,0.9709879565288446,1319.9471039772034
0.9616142882706389,0.9755956376793455,0.9695572230054645,1319.9783544540405
0.9631424296555884,0.9755943447261473,0.9677795901390079,1320.009604692459
0.9654259142989245,0.9781388766201997,0.9700981299759304,1320.0564804077148
0.9654259142989245,0.9755943447261473,0.9720371395634368,1320.0877306461334
0.9641536483518984,0.9755943447261473,0.9688270761725275,1320.118980884552
0.9618682242787648,0.9755943447261473,0.9681601709128973,1320.165855884552
0.9633918403275206,0.9766146140948448,0.9702250979799933,1320.1971127986908
0.9577961974763622,0.9755943447261473,0.9699071123028117,1320.228357076645
0.9631391972725928,0.9755943447261473,0.9693671750472446,1321.4627439975739
0.9578020157657541,0.9750871191864945,0.967238763978117,1321.5721197128296
0.9577961974763622,0.9755943447261473,0.9672369861674694,1321.603369474411
0.9654259142989245,0.9783921661517265,0.9706062444209069,1321.6346201896667
0.9638971264373761,0.9768659641965745,0.970446968748804,1321.6658701896667
0.9611070627309861,0.9755943447261473,0.969526046671473,1323.087760925293
0.9577961974763622,0.9750877656630936,0.9661566267988857,1323.119009256363
0.9626313252563409,0.9750877656630936,0.9676506827051478,1324.3377704620361
0.9654259142989245,0.9766146140948448,0.9687319309790552,1324.4002711772919
0.9577961974763622,0.9750871191864945,0.9681910240085894,1324.4471457004547
0.9631391972725928,0.9755943447261473,0.9674599882703285,1325.540907382965
0.9631391972725928,0.9755943447261473,0.9697169027254419,1325.5721571445465
0.9631424296555884,0.9738154997160675,0.9682560433925438,1325.603406906128
0.9674638671299232,0.9755943447261473,0.9721645924249491,1325.6346571445465
0.9618662848489675,0.9755943447261473,0.9679059924760467,1325.6659076213837
0.9603413758470136,0.9755943447261473,0.9669836966359426,1325.6971571445465
0.9641536483518984,0.9766146140948448,0.969302963759039,1325.7284078598022
0.9618662848489675,0.9755943447261473,0.9677146515646285,1325.759658575058
0.9623793286780122,0.9755943447261473,0.9685411557346612,1325.8065340518951
0.9611070627309861,0.9750877656630936,0.9684142685401731,1328.0565552711487
0.9654259142989245,0.9745792471702426,0.9675558607499749,1328.1346807479858
0.9577961974763622,0.9755943447261473,0.9659020443141607,1328.1659305095673
0.9654259142989245,0.9781388766201997,0.9712742002050105,1328.1971814632416
0.9534799318148202,0.9702578096959078,0.9636788112898604,1328.8534381389618
0.9654259142989245,0.9781388766201997,0.9723546403831693,1328.931563615799
0.9532247028534959,0.9730517522618922,0.965426318346799,1329.587819814682
0.9633918403275206,0.9697467052966604,0.9667614218192575,1330.275326013565
0.9626313252563409,0.9755956376793455,0.9686048013558424,1330.3534514904022
0.9626313252563409,0.9755956376793455,0.9672705059791328,1330.3847012519836
0.9631424296555884,0.9755943447261473,0.9693354330462288,1330.4159519672394
0.9639055306331643,0.9755943447261473,0.9690180130360713,1330.447202205658
0.9641536483518984,0.9755943447261473,0.9681907007702897,1330.4784526824951
0.9577961974763622,0.9755943447261473,0.9686032659739195,1330.5253276824951
0.9631424296555884,0.9755943447261473,0.9680655913864492,1330.5565783977509
0.9577961974763622,0.9750871191864945,0.9651088983366416,1330.603453874588
0.9633918403275206,0.9766120281884485,0.9671102605921311,1330.6347043514252
0.9578020157657541,0.9755943447261473,0.9699710811622926,1330.6659543514252
0.9577961974763622,0.9755943447261473,0.9675869562743916,1330.697203874588
0.9577961974763622,0.9776303581273487,0.968255881773394,1330.7440803050995
0.9631424296555884,0.9755943447261473,0.9685728169261021,1330.7753298282623
0.9631424296555884,0.9755943447261473,0.9663176802816362,1330.8222057819366
0.9616142882706389,0.9745792471702426,0.965077641193075,1330.8534562587738
0.9577961974763622,0.9755943447261473,0.9687323350269296,1330.8847064971924
0.9641562342582948,0.9776303581273487,0.9705117457040336,1330.9159562587738
0.9631391972725928,0.9755943447261473,0.9715907313098443,1330.9628319740295
0.9628852612644668,0.9755943447261473,0.9692720298537721,1330.9940819740295
0.9631424296555884,0.9755943447261473,0.9684782373996539,1331.0409581661224
0.9577961974763622,0.9755943447261473,0.9689220597468501,1331.0878417491913
0.9578020157657541,0.9755943447261473,0.9681603325320471,1331.1190841197968
0.9654259142989245,0.9781388766201997,0.9686998657397399,1331.1659593582153
0.9616142882706389,0.9755943447261473,0.9669197277764617,1331.2128343582153
0.9654259142989245,0.9755943447261473,0.9703527124606555,1331.244084596634
0.9626313252563409,0.9755943447261473,0.9671115535453294,1331.290960073471
0.9577961974763622,0.9768672571497725,0.9680321523843609,1331.3222105503082
0.9654259142989245,0.9755943447261473,0.9689235143191981,1331.369086265564
0.9633918403275206,0.9753436411010168,0.9679387041919612,1331.4003357887268
0.9641562342582948,0.9766146140948448,0.9718779447009088,1331.4315860271454
0.9618662848489675,0.9755956376793455,0.9670164891614319,1331.4784624576569
0.9654259142989245,0.9781388766201997,0.9686681237387241,1331.509712934494
0.9654259142989245,0.9750871191864945,0.9709566185757034,1331.5409619808197
0.9654259142989245,0.9781388766201997,0.9697167411062921,1331.5722126960754
0.9506801709594437,0.9755943447261473,0.9670153578273835,1331.6190881729126
0.9654259142989245,0.9745792471702426,0.9687646426949696,1331.6503381729126
0.9654259142989245,0.9781388766201997,0.9714641673536558,1331.681589126587
0.9522063729145958,0.9766146140948448,0.9639333937745855,1332.3534705638885
0.9641536483518984,0.9755943447261473,0.9686046397366928,1332.4472212791443
0.9654259142989245,0.9755943447261473,0.9702261485044668,1332.4784710407257
0.9633918403275206,0.9750877656630936,0.9677793477102833,1332.5253460407257
0.9641562342582948,0.9766139676182457,0.9702259060757422,1332.5565969944
0.9458553868050505,0.9768672571497725,0.9638057792939234,1332.5878467559814
0.9633918403275206,0.9755943447261473,0.9716549425980499,1332.6347224712372
0.9577961974763622,0.9750871191864945,0.9660307901288712,1332.68159866333
0.9654259142989245,0.9755956376793455,0.9704473727966785,1332.712848186493
0.9654259142989245,0.9778817082290783,0.9694941430513075,1332.74409866333
0.9491513830978952,0.9755943447261473,0.9670464533518001,1332.7909741401672
0.9577961974763622,0.9755943447261473,0.9674922959383685,1332.8222241401672
0.9633918403275206,0.9745792471702426,0.9677783779953846,1332.869099855423
0.9580533658674837,0.9722918836673118,0.9668896827765188,1332.9003500938416
0.9633918403275206,0.9755943447261473,0.9693032869973386,1332.9316005706787
0.9649225676188664,0.9755943447261473,0.9711792166306881,1332.9784755706787
0.9641562342582948,0.9755943447261473,0.9690170433211727,1333.0097262859344
0.9577961974763622,0.9755956376793455,0.968699057643991,1333.0409760475159
0.9577961974763622,0.9755943447261473,0.9703204047926154,1333.0878517627716
0.9618662848489675,0.9781388766201997,0.9700990188812542,1333.1191017627716
0.9577961974763622,0.9755943447261473,0.9697160138201181,1336.5410096645355
0.9631424296555884,0.9755943447261473,0.9684153190646466,1336.6035101413727
0.9618662848489675,0.9755943447261473,0.9684140261114484,1336.6503851413727
0.9578020157657541,0.9748325367017694,0.967397958840645,1337.32226729393
0.9621273320996836,0.9755943447261473,0.970003712068632,1337.4003915786743
0.9577961974763622,0.9745792471702426,0.9647910742786097,1337.43164229393
0.9577961974763622,0.9755943447261473,0.9670469382092495,1337.4785177707672
0.9578020157657541,0.9755943447261473,0.9679055076185974,1337.5097677707672
0.9618662848489675,0.9674638671299232,0.9652045283875632,1337.5410177707672
0.9611070627309861,0.9755943447261473,0.9662849685657218,1337.58789396286
0.9603413758470136,0.9776303581273487,0.9658413886472503,1337.6347692012787
0.9623793286780122,0.9755943447261473,0.9666682968651574,1337.6660192012787
0.9306011249727186,0.9755943447261473,0.9630754708418366,1337.6972706317902
0.9631391972725928,0.9766146140948448,0.9716550234076247,1337.7285199165344
0.9578020157657541,0.9750871191864945,0.9674935888915668,1337.759770154953
0.9631424296555884,0.9755956376793455,0.9670799731634634,1337.8066458702087
0.8891533121840669,0.9753436411010168,0.9568469274001608,1338.4785277843475
0.9623793286780122,0.9781388766201997,0.9694317903833245,1338.5879037380219
0.9603413758470136,0.9755956376793455,0.9689220597468501,1338.6191534996033
0.9654259142989245,0.9755943447261473,0.9707971004748759,1338.6504039764404
0.9654259142989245,0.9738174391458647,0.9680646216715505,1338.681654214859
0.9654259142989245,0.9750871191864945,0.9692080609942914,1338.7285294532776
0.967208638168599,0.9781388766201997,0.9736571937588632,1338.7597801685333
0.9623799751546114,0.9755943447261473,0.9693040950930875,1338.7910306453705
0.9654259142989245,0.9781388766201997,0.9702256636470176,1341.025426864624
0.9654259142989245,0.9768672571497725,0.9720041854187979,1341.119176864624
0.9631391972725928,0.9755943447261473,0.9679384617632365,1341.150426864624
0.9501716524665926,0.9766146140948448,0.9673652471247307,1341.181676864624
0.9577961974763622,0.9755943447261473,0.9716868462182153,1341.2129278182983
0.9577961974763622,0.9781388766201997,0.9712091808210563,1341.244178056717
0.9654259142989245,0.9755943447261473,0.969018255464796,1341.2910540103912
0.9654259142989245,0.9781388766201997,0.9696220807702691,1341.3223037719727
0.9628852612644668,0.9755943447261473,0.9670162467327073,1341.3691794872284
0.9448377033427495,0.9755943447261473,0.9679696380972279,1341.4004294872284
0.9654259142989245,0.9755956376793455,0.9700659031174652,1341.4316804409027
0.9633918403275206,0.9791552671293026,0.9707977469514749,1341.4785552024841
0.9547496118554499,0.9750871191864945,0.9661265817989426,1342.4629399776459
0.9577961974763622,0.9755943447261473,0.9674924575575183,1342.4941892623901
0.9631424296555884,0.9755943447261473,0.9702258252661673,1343.7910776138306
0.9577961974763622,0.9755956376793455,0.9706695668037886,1343.8692035675049
0.9577961974763622,0.9755943447261473,0.967650440276423,1343.900452375412
0.9577961974763622,0.9753417016712196,0.965712562022965,1343.9317035675049
0.9577961974763622,0.9766146140948448,0.9685717664016285,1343.9785785675049
0.9577961974763622,0.9755943447261473,0.9652658305310728,1344.0098285675049
0.9641536483518984,0.9763593851335206,0.9715910545481439,1344.0410797595978
0.9666962408161535,0.9755943447261473,0.9738150148586181,1344.0879547595978
0.9501703595133945,0.9766139676182457,0.968381314395534,1345.0567162036896
0.9654259142989245,0.9755943447261473,0.9699395007804266,1345.1035890579224
0.9654259142989245,0.9755943447261473,0.9723862207650351,1346.0723495483398
0.9626313252563409,0.9781388766201997,0.9724827397212807,1346.9786083698273
0.9577961974763622,0.9755943447261473,0.9669200510147614,1347.04110789299
0.9611070627309861,0.9745792471702426,0.9673666208875038,1347.9317412376404
0.9577961974763622,0.9755956376793455,0.9696204645787714,1348.0254921913147
0.9654259142989245,0.9755956376793455,0.9689554179393636,1352.6974103450775
0.9626313252563409,0.9755943447261473,0.9673966658874469,1352.7911612987518
0.9631424296555884,0.9755943447261473,0.9693040142835125,1352.8380360603333
0.9631424296555884,0.9750877656630936,0.9688282883161509,1352.8692860603333
0.9631424296555884,0.9755943447261473,0.9695266123384971,1352.9005365371704
0.9661877223233024,0.9778842941354746,0.9715279745939868,1352.931786775589
0.9631424296555884,0.9755943447261473,0.9710514405308762,1352.9786624908447
0.9577961974763622,0.9755943447261473,0.9680954747672426,1353.0255382061005
0.9621273320996836,0.9755943447261473,0.9691770462794496,1353.0567879676819
0.9603413758470136,0.9755943447261473,0.9690493509892126,1353.1036629676819
0.9410150872122791,0.9755943447261473,0.9654898023488305,1353.994297504425
0.9577961974763622,0.9755943447261473,0.968890560174559,1357.9787113666534
0.9577961974763622,0.9776303581273487,0.9666663574353601,1358.0099589824677
0.9651745641971949,0.9755943447261473,0.9700663879749146,1358.041209936142
0.9631391972725928,0.9755956376793455,0.9710511172925766,1358.0724594593048
0.9577961974763622,0.9755943447261473,0.9688270761725275,1358.1193356513977
0.9628852612644668,0.9745792471702426,0.9671430531176204,1358.1505861282349
0.9641562342582948,0.9755943447261473,0.9716229581683093,1358.1818361282349
0.9524661272121137,0.9766146140948448,0.9664759862388406,1359.603725194931
0.9633918403275206,0.9755943447261473,0.968701158692938,1359.6818511486053
0.9430536865198769,0.9755943447261473,0.964791559136059,1359.7130999565125
0.9534741135254283,0.9745792471702426,0.9646317177969319,1359.7599761486053
0.9577961974763622,0.9755943447261473,0.9678105240442749,1359.7912259101868
0.9618662848489675,0.9755943447261473,0.9668257139170379,1360.6662349700928
0.9639055306331643,0.9781388766201997,0.9708296505716404,1360.7287349700928
0.9654259142989245,0.9766146140948448,0.9706698900420881,1360.7599849700928
0.9603413758470136,0.9755943447261473,0.96981148225189,1360.7912352085114
0.9618662848489675,0.9755943447261473,0.9687315269311807,1360.838110923767
0.9633918403275206,0.9763593851335206,0.9707334548536946,1360.8693606853485
0.9654272072521228,0.9755943447261473,0.9708924880970728,1360.9006111621857
0.9621273320996836,0.9766146140948448,0.9681604941511969,1360.9474942684174
0.9631391972725928,0.9755943447261473,0.9697162562488427,1360.9787375926971
0.9613635846455084,0.9755943447261473,0.9683828497774568,1361.0256133079529
0.958557359024141,0.9755943447261473,0.9682233316766292,1361.0568633079529
0.9633918403275206,0.9753436411010168,0.9702574864576082,1361.0881123542786
0.9641536483518984,0.9750871191864945,0.9712426198231447,1361.1193628311157
0.9654304396351183,0.9766146140948448,0.9714660259738782,1361.1662390232086
0.9097402301870438,0.9766146140948448,0.9598007113052724,1361.8537459373474
0.9608570055824548,0.9776303581273487,0.9693049839984111,1361.931871175766
0.9611070627309861,0.9781388766201997,0.9704472111775286,1361.963121175766
0.9654259142989245,0.9763593851335206,0.970257567267183,1362.0099968910217
0.9654259142989245,0.9766146140948448,0.9700358581175221,1362.0412468910217
0.9578020157657541,0.9768672571497725,0.9695254810044487,1362.0724971294403
0.9577961974763622,0.9781388766201997,0.9660932236064291,1362.119372844696
0.9577961974763622,0.9781388766201997,0.968986028606331,1362.1506230831146
0.9616142882706389,0.9750884121396928,0.9671751991665107,1362.1974980831146
0.9631424296555884,0.9755943447261473,0.9684141069210233,1362.2287487983704
0.9654259142989245,0.9755943447261473,0.969145142659284,1362.259999513626
0.9577961974763622,0.9781388766201997,0.9689538017478658,1362.9006304740906
0.9633918403275206,0.9755943447261473,0.9674610387948022,1363.0100073814392
0.9633918403275206,0.9766146140948448,0.9716556698842238,1363.056881427765
0.8993191567048933,0.9755943447261473,0.9611048000628892,1364.3537693023682
0.9633918403275206,0.9783915196751274,0.9703847776999708,1365.5881552696228
0.9641562342582948,0.9755943447261473,0.9691763189932756,1365.65065574646
0.9633918403275206,0.9781388766201997,0.9713061038251761,1365.68190574646
0.9633918403275206,0.9750877656630936,0.9673329394566907,1365.7131562232971
0.9654278537287219,0.9755943447261473,0.9721641075674998,1365.7444062232971
0.9654259142989245,0.9755943447261473,0.9688913682703079,1365.7912814617157
0.9577961974763622,0.9755943447261473,0.966220272420067,1365.82253241539
0.9631424296555884,0.9781388766201997,0.9684777525422046,1365.8694076538086
0.9633918403275206,0.9755943447261473,0.9714334758771136,1365.9006581306458
0.9641562342582948,0.9755943447261473,0.9695893690543547,1365.9475338459015
0.9578020157657541,0.9755956376793455,0.968128105673582,1365.9787838459015
0.9639055306331643,0.9755943447261473,0.9681918321043382,1366.0100343227386
0.9613635846455084,0.9755943447261473,0.9660006643193532,1366.0569095611572
0.9577961974763622,0.9755943447261473,0.9672061330717775,1366.0881595611572
0.9633918403275206,0.9750877656630936,0.9689545290340398,1367.1819205284119
0.9552555444419045,0.9755943447261473,0.9698753703017959,1367.275671005249
0.9628852612644668,0.9755943447261473,0.9705429220380253,1367.3225462436676
0.9578020157657541,0.9755943447261473,0.9719723626082072,1367.3537967205048
0.9654259142989245,0.9781382301436006,0.9744517943087303,1368.5569355487823
0.9577961974763622,0.9766146140948448,0.9683181536318021,1368.5881836414337
0.946105443953582,0.9781388766201997,0.970098372404655,1368.6194331645966
0.9641601131178894,0.9755943447261473,0.9670799731634634,1368.6506831645966
0.9641562342582948,0.9766146140948448,0.9697495336317814,1368.6975586414337
0.9639055306331643,0.9755943447261473,0.9699079203985606,1368.7288091182709
0.9578020157657541,0.9755943447261473,0.9686359776898339,1368.760059595108
0.9633918403275206,0.9768672571497725,0.9682547504393455,1368.8069350719452
0.9631424296555884,0.9755943447261473,0.9658726457908167,1368.8381860256195
0.9621273320996836,0.9755943447261473,0.970066792022789,1368.885060787201
0.9527200632202396,0.9755943447261473,0.9683500572519675,1373.2601025104523
0.9654259142989245,0.9755956376793455,0.9707665706174834,1373.3226029872894
0.9577961974763622,0.9755943447261473,0.9675548910350763,1373.3694777488708
0.9633918403275206,0.9755943447261473,0.9700026615441585,1373.4007279872894
0.9577961974763622,0.9750871191864945,0.9665386621451231,1373.4319784641266
0.9577961974763622,0.9755943447261473,0.968826672124653,1373.463228225708
0.9618682242787648,0.9781388766201997,0.9696546308670337,1373.5101039409637
0.9578020157657541,0.9755943447261473,0.9685094137336454,1373.5569791793823
0.9577961974763622,0.9755943447261473,0.9684772676847553,1373.588229417801
0.9654304396351183,0.9755943447261473,0.9688280458874261,1373.6351046562195
0.8947418437926351,0.9755956376793455,0.9612299902563046,1374.4319880008698
0.9654259142989245,0.9755943447261473,0.9693672558568194,1374.494488954544
0.9661877223233024,0.9755943447261473,0.9728944160195867,1374.5413641929626
0.9631424296555884,0.9776303581273487,0.9702587794108064,1374.5726137161255
0.9578020157657541,0.9750877656630936,0.9658719993142176,1374.6038644313812
0.9611070627309861,0.9781388766201997,0.971306911920925,1374.6351146697998
0.9461041510003838,0.9766139676182457,0.9665392278121473,1375.2913720607758
0.9537319283931488,0.9768672571497725,0.9671747951186361,1376.103878736496
0.9578020157657541,0.9755943447261473,0.9673028136471726,1376.1820039749146
0.9577961974763622,0.9755956376793455,0.9672376326440686,1376.2132544517517
0.9654259142989245,0.9755943447261473,0.9705753913252149,1376.2445042133331
0.9631391972725928,0.9776303581273487,0.9737519349044611,1376.2913796901703
0.9631424296555884,0.9755956376793455,0.9692404494719062,1376.3226296901703
0.9618662848489675,0.9755956376793455,0.9686370282143075,1376.3695058822632
0.9616142882706389,0.9755943447261473,0.9690811737998032,1376.4163813591003
0.9654259142989245,0.9755943447261473,0.9699071123028117,1376.447634935379
0.9654259142989245,0.9755943447261473,0.9701301144056708,1376.478881597519
0.96542914668192,0.9753436411010168,0.9688608384129154,1377.3070151805878
0.9618662848489675,0.9755943447261473,0.9690810929902284,1377.385140657425
0.9537280495335543,0.9755943447261473,0.9686996233110152,1378.057021856308
0.9654259142989245,0.9755956376793455,0.9687324158365045,1378.1351475715637
0.9641562342582948,0.9781388766201997,0.9712435087284684,1378.1663970947266
0.9654259142989245,0.9755943447261473,0.9687000273588897,1378.2132730484009
0.9654259142989245,0.9753417016712196,0.969208303423016,1378.2445256710052
0.9603413758470136,0.9755943447261473,0.9676516524200464,1378.2757730484009
0.9654259142989245,0.9755943447261473,0.97032080884049,1378.3226492404938
0.9654259142989245,0.9766146140948448,0.9699395815900014,1378.369524717331
0.9631391972725928,0.9755943447261473,0.9666334032907211,1378.400774717331
0.9631424296555884,0.9755943447261473,0.9689224637947245,1378.4476494789124
0.9578020157657541,0.9755956376793455,0.9698119671093394,1378.478900194168
0.9613635846455084,0.9755943447261473,0.9682875429648348,1378.510151386261
0.9616142882706389,0.9766146140948448,0.9675581234180718,1378.5570266246796
0.9616142882706389,0.9776303581273487,0.9701616139779619,1378.6039016246796
0.9577961974763622,0.9755943447261473,0.9652047708162879,1378.6351521015167
0.9603413758470136,0.9755956376793455,0.9701298719769461,1378.6664018630981
0.9506808174360428,0.9755943447261473,0.967078114543241,1378.7132833003998
0.9633918403275206,0.9755943447261473,0.9692080609942914,1378.7445275783539
0.9633918403275206,0.9776303581273487,0.9692712217580233,1378.7914037704468
0.9577961974763622,0.9755943447261473,0.9688262680767787,1378.8382782936096
0.9611070627309861,0.9755943447261473,0.9684144301593228,1378.8695290088654
0.9603413758470136,0.9755943447261473,0.9701927903119534,1378.9007790088654
0.9603413758470136,0.9755943447261473,0.9670470998283993,1378.947654724121
0.9577961974763622,0.9687348401237511,0.9649821727613033,1378.9945302009583
0.9616142882706389,0.9755943447261473,0.9681915088660387,1379.0414052009583
0.9631424296555884,0.9781388766201997,0.9695266123384972,1379.0726561546326
0.9577961974763622,0.9755943447261473,0.969557546243764,1379.1039063930511
0.9499183629350658,0.9766146140948448,0.9685405092580621,1379.1507818698883
0.9654259142989245,0.9776303581273487,0.971814056651003,1379.1976573467255
0.9654304396351183,0.9755943447261473,0.9723542363352948,1379.2289068698883
0.9511886894522947,0.9783921661517265,0.9691777735656235,1379.9164147377014
0.9577961974763622,0.9755943447261473,0.9674922959383685,1379.9945406913757
0.9631391972725928,0.9755943447261473,0.9702259060757422,1380.0414154529572
0.9649225676188664,0.9755943447261473,0.9724180435756259,1380.07266497612
0.9654259142989245,0.9755943447261473,0.9680955555768175,1380.1039156913757
0.9641562342582948,0.9755943447261473,0.9703514195074572,1380.1507906913757
0.960090025745284,0.9778817082290783,0.9721953647110664,1380.1820414066315
0.9577961974763622,0.9755943447261473,0.9673324545992414,1381.2289264202118
0.9631424296555884,0.9755943447261473,0.968859707078867,1381.3070528507233
0.9577961974763622,0.9750877656630936,0.9642181020688285,1381.353927373886
0.9664410118548292,0.9781388766201997,0.9706375015644733,1381.3851776123047
0.9631391972725928,0.9755943447261473,0.9682872197265352,1381.416427373886
0.9654259142989245,0.9725458196754377,0.9672075876441255,1381.4476780891418
0.9618662848489675,0.9666962408161535,0.9650136723335944,1381.4945540428162
0.9631424296555884,0.9755943447261473,0.9701625028832856,1381.5258040428162
0.9626313252563409,0.9766146140948448,0.9692417424251043,1381.5726790428162
0.9661877223233024,0.9755943447261473,0.9690496742275121,1381.603929758072
0.9618662848489675,0.9753436411010168,0.9678733615697072,1381.635179758072
0.955258130348301,0.9755943447261473,0.9681601709128973,1381.682054758072
0.9593243388613116,0.9755943447261473,0.9675248460351331,1381.7133147716522
0.9654304396351183,0.9763593851335206,0.9727680944921228,1381.7601811885834
0.9603413758470136,0.9750877656630936,0.9658710295993189,1381.807056903839
0.9654323790649155,0.9781388766201997,0.9711158942478064,1381.838306903839
0.9577961974763622,0.9682224427713055,0.9653315772012011,1381.8851816654205
0.9578020157657541,0.9738180856224639,0.9673030560758974,1381.932058095932
0.9651745641971949,0.9783921661517265,0.9700986956429546,1381.9789326190948
0.9361922424876834,0.9755943447261473,0.9682549120584952,1382.9945681095123
0.9654259142989245,0.9755943447261473,0.9697805483466231,1383.0258181095123
0.9631391972725928,0.9755943447261473,0.9683197698232998,1383.057068347931
0.9654259142989245,0.9778817082290783,0.970033191401551,1383.103943347931
0.9631391972725928,0.9755943447261473,0.9680333645279842,1383.1351940631866
0.9621273320996836,0.9755943447261473,0.9689233527000483,1383.166443824768
0.9616142882706389,0.9755943447261473,0.9673973931736208,1383.1976940631866
0.9631424296555884,0.9755943447261473,0.9685429335453087,1383.2445697784424
0.9631424296555884,0.9755943447261473,0.9675250884638578,1383.2914452552795
0.9654259142989245,0.9755943447261473,0.9677785396145344,1383.3226954936981
0.9641562342582948,0.9755943447261473,0.967810362425125,1383.3695707321167
